{
	"credit": "Made with Blockbench",
	"texture_size": [32, 32],
	"textures": {
		"2": "block/f001",
		"4": "block/f004",
		"5": "block/sign",
		"8": "block/ink",
		"particle": "block/sign"
	},
	"elements": [
		{
			"from": [0.25, 0, 0.25],
			"to": [15.75, 2, 15.75],
			"rotation": {"angle": 0, "axis": "y", "origin": [8.02291, 7.60707, 5.5]},
			"faces": {
				"north": {"uv": [8, 0, 16, 1], "texture": "#4"},
				"east": {"uv": [8, 0, 16, 1], "texture": "#4"},
				"south": {"uv": [8, 0, 16, 1], "texture": "#4"},
				"west": {"uv": [8, 0, 16, 1], "texture": "#4"},
				"up": {"uv": [8, 16, 0, 8], "texture": "#4"},
				"down": {"uv": [8, 0, 0, 8], "texture": "#4"}
			}
		},
		{
			"from": [0, 0, 0],
			"to": [16, 2.25, 16],
			"rotation": {"angle": 0, "axis": "y", "origin": [0, 0, 5]},
			"faces": {
				"north": {"uv": [6, 4, 10, 4.5], "texture": "#2", "tintindex": 1},
				"east": {"uv": [6, 4, 10, 4.5], "texture": "#2", "tintindex": 1},
				"south": {"uv": [6, 4, 10, 4.5], "texture": "#2", "tintindex": 1},
				"west": {"uv": [6, 4, 10, 4.5], "texture": "#2", "tintindex": 1},
				"up": {"uv": [6, 0, 10, 4], "texture": "#2", "tintindex": 1},
				"down": {"uv": [6, 5.25, 10, 9.25], "texture": "#2", "tintindex": 1}
			}
		},
		{
			"from": [2, -1.17157, 8.99264],
			"to": [4, 3.82843, 10.99264],
			"rotation": {"angle": -45, "axis": "x", "origin": [6.25, 4.82843, 9.49264]},
			"faces": {
				"north": {"uv": [14, 1, 13, 3.5], "texture": "#4"},
				"east": {"uv": [13, 1, 14, 3.5], "texture": "#4"},
				"south": {"uv": [13, 1, 14, 3.5], "texture": "#4"},
				"west": {"uv": [14, 1, 13, 3.5], "texture": "#4"},
				"up": {"uv": [0, 0, 1, 1], "texture": "#4"},
				"down": {"uv": [0, 0, 1, 1], "texture": "#4"}
			}
		},
		{
			"from": [12, -1.17157, 8.99264],
			"to": [14, 3.82843, 10.99264],
			"rotation": {"angle": -45, "axis": "x", "origin": [6.25, 4.82843, 9.49264]},
			"faces": {
				"north": {"uv": [14, 1, 13, 3.5], "texture": "#4"},
				"east": {"uv": [13, 1, 14, 3.5], "texture": "#4"},
				"south": {"uv": [13, 1, 14, 3.5], "texture": "#4"},
				"west": {"uv": [14, 1, 13, 3.5], "texture": "#4"},
				"up": {"uv": [0, 0, 1, 1], "texture": "#4"},
				"down": {"uv": [0, 0, 1, 1], "texture": "#4"}
			}
		},
		{
			"from": [4, 1.82843, 9.49264],
			"to": [12, 3.82843, 10.49264],
			"rotation": {"angle": -45, "axis": "x", "origin": [6.25, 4.82843, 9.49264]},
			"faces": {
				"north": {"uv": [10.5, 9.5, 9.5, 13.5], "rotation": 90, "texture": "#4"},
				"east": {"uv": [13, 1, 14, 3.5], "texture": "#4"},
				"south": {"uv": [9.5, 9.5, 10.5, 13.5], "rotation": 270, "texture": "#4"},
				"west": {"uv": [14, 1, 13, 3.5], "texture": "#4"},
				"up": {"uv": [10.5, 13.5, 10, 9.5], "rotation": 90, "texture": "#4"},
				"down": {"uv": [9.5, 13.5, 10, 9.5], "rotation": 90, "texture": "#4"}
			}
		},
		{
			"from": [6, 1.80343, 9.46764],
			"to": [10, 3.85343, 10.51764],
			"rotation": {"angle": -45, "axis": "x", "origin": [6.25, 4.82843, 9.49264]},
			"faces": {
				"north": {"uv": [13, 9, 15, 8], "rotation": 180, "texture": "#4", "tintindex": 1},
				"south": {"uv": [13, 8, 15, 9], "texture": "#4", "tintindex": 1},
				"up": {"uv": [13, 8.5, 15, 8], "texture": "#4", "tintindex": 1},
				"down": {"uv": [13, 8.5, 15, 9], "texture": "#4", "tintindex": 1}
			}
		},
		{
			"from": [11.975, 3.80343, 11.49264],
			"to": [14.025, 5.85343, 13.49264],
			"rotation": {"angle": -45, "axis": "x", "origin": [6.25, 4.82843, 9.49264]},
			"faces": {
				"east": {"uv": [13, 9, 14, 8], "rotation": 90, "texture": "#4", "tintindex": 1},
				"west": {"uv": [13, 8, 14, 9], "rotation": 90, "texture": "#4", "tintindex": 1},
				"up": {"uv": [13, 9, 14, 8], "texture": "#4", "tintindex": 1},
				"down": {"uv": [13, 8, 14, 9], "texture": "#4", "tintindex": 1}
			}
		},
		{
			"from": [1.975, 3.80343, 11.49264],
			"to": [4.025, 5.85343, 13.49264],
			"rotation": {"angle": -45, "axis": "x", "origin": [6.25, 4.82843, 9.49264]},
			"faces": {
				"east": {"uv": [13, 9, 14, 8], "rotation": 90, "texture": "#4", "tintindex": 1},
				"west": {"uv": [13, 8, 14, 9], "rotation": 90, "texture": "#4", "tintindex": 1},
				"up": {"uv": [13, 9, 14, 8], "texture": "#4", "tintindex": 1},
				"down": {"uv": [13, 8, 14, 9], "texture": "#4", "tintindex": 1}
			}
		},
		{
			"from": [12, 3.82843, 4.49264],
			"to": [14, 5.82843, 14.49264],
			"rotation": {"angle": -45, "axis": "x", "origin": [6.25, 4.82843, 9.49264]},
			"faces": {
				"north": {"uv": [0, 0, 1, 1], "texture": "#4"},
				"east": {"uv": [13, 6, 14, 1], "rotation": 90, "texture": "#4"},
				"south": {"uv": [13, 1, 14, 2], "texture": "#4"},
				"west": {"uv": [13, 1, 14, 6], "rotation": 90, "texture": "#4"},
				"up": {"uv": [13, 6, 14, 1], "texture": "#4"},
				"down": {"uv": [13, 1, 14, 6], "texture": "#4"}
			}
		},
		{
			"from": [2, 3.82843, 4.49264],
			"to": [4, 5.82843, 14.49264],
			"rotation": {"angle": -45, "axis": "x", "origin": [6.25, 4.82843, 9.49264]},
			"faces": {
				"north": {"uv": [0, 0, 1, 1], "texture": "#4"},
				"east": {"uv": [13, 6, 14, 1], "rotation": 90, "texture": "#4"},
				"south": {"uv": [13, 1, 14, 2], "texture": "#4"},
				"west": {"uv": [13, 1, 14, 6], "rotation": 90, "texture": "#4"},
				"up": {"uv": [13, 6, 14, 1], "texture": "#4"},
				"down": {"uv": [13, 1, 14, 6], "texture": "#4"}
			}
		},
		{
			"from": [1, 2, 1],
			"to": [5, 4, 5],
			"rotation": {"angle": 0, "axis": "y", "origin": [-1, 0, 0]},
			"faces": {
				"north": {"uv": [11, 8, 15, 10], "texture": "#8"},
				"east": {"uv": [11, 8, 15, 10], "texture": "#8"},
				"south": {"uv": [11, 8, 15, 10], "texture": "#8"},
				"west": {"uv": [11, 8, 15, 10], "texture": "#8"},
				"up": {"uv": [12, 4, 8, 0], "texture": "#8"},
				"down": {"uv": [12, 4, 8, 8], "texture": "#8"}
			}
		},
		{
			"from": [1.5, 4, 1.5],
			"to": [4.5, 5, 4.5],
			"rotation": {"angle": 0, "axis": "y", "origin": [-1, 0, 0]},
			"faces": {
				"north": {"uv": [12, 4, 15, 5], "texture": "#8"},
				"east": {"uv": [12, 4, 15, 5], "texture": "#8"},
				"south": {"uv": [12, 4, 15, 5], "texture": "#8"},
				"west": {"uv": [12, 4, 15, 5], "texture": "#8"},
				"up": {"uv": [11, 11, 8, 8], "texture": "#8"},
				"down": {"uv": [11, 11, 8, 14], "texture": "#8"}
			}
		},
		{
			"from": [0.25, 5.75, 2.75],
			"to": [8.25, 13.75, 2.75],
			"rotation": {"angle": -45, "axis": "z", "origin": [3, 9, 2.75]},
			"faces": {
				"north": {"uv": [0, 0, 8, 8], "texture": "#8", "tintindex": 1},
				"east": {"uv": [0, 0, 0, 8], "texture": "#8", "tintindex": 1},
				"south": {"uv": [8, 0, 0, 8], "texture": "#8", "tintindex": 1},
				"west": {"uv": [0, 0, 0, 8], "texture": "#8", "tintindex": 1},
				"up": {"uv": [8, 0, 0, 0], "texture": "#8", "tintindex": 1},
				"down": {"uv": [8, 0, 0, 0], "texture": "#8", "tintindex": 1}
			}
		},
		{
			"from": [0.25, 5.75, 2.75],
			"to": [8.25, 13.75, 2.75],
			"rotation": {"angle": -45, "axis": "z", "origin": [3, 9, 2.75]},
			"faces": {
				"north": {"uv": [0, 16, 8, 8], "rotation": 180, "texture": "#8"},
				"east": {"uv": [0, 0, 0, 8], "texture": "#8"},
				"south": {"uv": [8, 16, 0, 8], "rotation": 180, "texture": "#8"},
				"west": {"uv": [0, 0, 0, 8], "texture": "#8"},
				"up": {"uv": [8, 0, 0, 0], "texture": "#8"},
				"down": {"uv": [8, 0, 0, 0], "texture": "#8"}
			}
		},
		{
			"from": [6, 0.025, 0.225],
			"to": [10, 2.025, 2.225],
			"faces": {
				"north": {"uv": [13, 8, 15, 9], "texture": "#4", "tintindex": 1},
				"up": {"uv": [15, 8, 13, 9], "texture": "#4", "tintindex": 1}
			}
		},
		{
			"from": [3, 9, 5],
			"to": [13, 17, 5],
			"rotation": {"angle": 22.5, "axis": "x", "origin": [0, 0, 1]},
			"faces": {
				"north": {"uv": [0, 0, 5, 4], "texture": "#5"},
				"south": {"uv": [5, 0, 0, 4], "texture": "#5"},
				"up": {"uv": [5, 0, 0, 0], "texture": "#5"},
				"down": {"uv": [5, 0, 0, 0], "texture": "#5"}
			}
		},
		{
			"from": [3, 9, 4.975],
			"to": [13, 17, 4.975],
			"rotation": {"angle": 22.5, "axis": "x", "origin": [0, 0, 1]},
			"faces": {
				"north": {"uv": [0, 4, 5, 8], "texture": "#5"},
				"south": {"uv": [5, 0, 0, 4], "texture": "#5"},
				"up": {"uv": [5, 0, 0, 0], "texture": "#5"}
			}
		},
		{
			"from": [10, 9, 4.75],
			"to": [14, 13, 4.75],
			"rotation": {"angle": 22.5, "axis": "x", "origin": [0, 0, 1]},
			"faces": {
				"north": {"uv": [0, 10, 2, 12], "texture": "#5"},
				"south": {"uv": [2, 10, 0, 12], "texture": "#5"},
				"up": {"uv": [2, 0, 0, 0], "texture": "#5"},
				"down": {"uv": [2, 0, 0, 0], "texture": "#5"}
			}
		},
		{
			"from": [3, 14.85483, 18.62567],
			"to": [13, 14.85483, 22.62567],
			"rotation": {"angle": -22.5, "axis": "x", "origin": [0, -4.14517, 16.62567]},
			"faces": {
				"north": {"uv": [0, 0, 5, 0], "texture": "#5"},
				"south": {"uv": [0, 0, 5, 0], "texture": "#5"},
				"up": {"uv": [10, 6, 5, 4], "texture": "#5"},
				"down": {"uv": [5, 4, 10, 6], "texture": "#5"}
			}
		},
		{
			"from": [3, 14.87983, 18.62567],
			"to": [13, 14.87983, 22.62567],
			"rotation": {"angle": -22.5, "axis": "x", "origin": [0, -4.14517, 16.62567]},
			"faces": {
				"north": {"uv": [0, 0, 5, 0], "texture": "#5"},
				"south": {"uv": [0, 0, 5, 0], "texture": "#5"},
				"up": {"uv": [10, 8, 5, 6], "texture": "#5"}
			}
		},
		{
			"from": [3, 12.85538, 22.62436],
			"to": [13, 14.85538, 22.62436],
			"rotation": {"angle": -22.5, "axis": "x", "origin": [0, -4.14462, 16.62436]},
			"faces": {
				"north": {"uv": [10, 9, 5, 10], "texture": "#5"},
				"south": {"uv": [5, 9, 10, 10], "texture": "#5"},
				"up": {"uv": [5, 0, 0, 0], "texture": "#5"},
				"down": {"uv": [5, 0, 0, 0], "texture": "#5"}
			}
		},
		{
			"from": [10, 10.85538, 22.64936],
			"to": [12, 14.85538, 22.64936],
			"rotation": {"angle": -22.5, "axis": "x", "origin": [0, -4.14462, 16.62436]},
			"faces": {
				"north": {"uv": [11, 2, 10, 4], "texture": "#5", "tintindex": 1},
				"south": {"uv": [10, 2, 11, 4], "texture": "#5", "tintindex": 1},
				"up": {"uv": [1, 0, 0, 0], "texture": "#5", "tintindex": 1},
				"down": {"uv": [1, 0, 0, 0], "texture": "#5", "tintindex": 1}
			}
		},
		{
			"from": [3, 5.93345, 11.86776],
			"to": [13, 5.93345, 15.86776],
			"rotation": {"angle": -22.5, "axis": "x", "origin": [0, -13.06655, 9.86776]},
			"faces": {
				"north": {"uv": [0, 0, 5, 0], "texture": "#5"},
				"south": {"uv": [0, 0, 5, 0], "texture": "#5"},
				"up": {"uv": [10, 2, 5, 0], "texture": "#5"},
				"down": {"uv": [5, 0, 10, 2], "texture": "#5"}
			}
		},
		{
			"from": [3, 5.93345, 11.86776],
			"to": [13, 7.93345, 11.86776],
			"rotation": {"angle": -22.5, "axis": "x", "origin": [0, -13.06655, 9.86776]},
			"faces": {
				"north": {"uv": [10, 8, 5, 9], "texture": "#5"},
				"south": {"uv": [5, 8, 10, 9], "texture": "#5"},
				"up": {"uv": [5, 0, 0, 0], "texture": "#5"},
				"down": {"uv": [5, 0, 0, 0], "texture": "#5"}
			}
		}
	],
	"display": {
		"thirdperson_righthand": {
			"rotation": [75, 45, 0],
			"translation": [0, 2.5, 0],
			"scale": [0.375, 0.375, 0.375]
		},
		"thirdperson_lefthand": {
			"rotation": [75, 45, 0],
			"translation": [0, 2.5, 0],
			"scale": [0.375, 0.375, 0.375]
		},
		"firstperson_righthand": {
			"rotation": [0, 45, 0],
			"scale": [0.4, 0.4, 0.4]
		},
		"firstperson_lefthand": {
			"rotation": [0, 225, 0],
			"scale": [0.4, 0.4, 0.4]
		},
		"ground": {
			"translation": [0, 3, 0],
			"scale": [0.25, 0.25, 0.25]
		},
		"gui": {
			"rotation": [30, 225, 0],
			"scale": [0.625, 0.625, 0.625]
		},
		"head": {
			"translation": [0, 15.25, 0]
		},
		"fixed": {
			"rotation": [-90, 0, 0],
			"translation": [0, 0, -16],
			"scale": [2, 2, 2]
		}
	}
}