{
    "parent": "item/generated",
    "textures": {
        "layer0": "item/firework_star",
        "layer1": "item/firework_star_overlay"
    },
    "overrides": [
      
      {
          "predicate": {
              "custom_model_data": 5001
          },
          "model": "item/brush/brush"
      },
      {
        "predicate": {
            "custom_model_data": 5002
        },
        "model": "item/brush/brushworkshop"
      },
      {
        "predicate": {
            "custom_model_data": 5003
        },
        "model": "item/brush/brushsign"
      },
      {
        "predicate": {
            "custom_model_data": 5099
        },
        "model": "item/fun/oxygen"
      },
      {
      "predicate": {
          "custom_model_data": 6001
      },
      "model": "item/bl/b001"
      },
      {
    "predicate": {
        "custom_model_data": 6002
    },
    "model": "item/bl/b002"
},
{
  "predicate": {
      "custom_model_data": 6003
  },
  "model": "item/bl/b003"
},
{
  "predicate": {
      "custom_model_data": 6004
  },
  "model": "item/bl/brokerup"
},
{
  "predicate": {
      "custom_model_data": 6005
  },
  "model": "item/bl/brokerdown"
},
{
  "predicate": {
      "custom_model_data": 7001
  },
  "model": "item/friend/friendtree"
},
{
  "predicate": {
      "custom_model_data": 7002
  },
  "model": "item/friend/friendtree2"
},
{
  "predicate": {
      "custom_model_data": 10000
  },
  "model": "item/fun/f000"
},
{
  "predicate": {
      "custom_model_data": 10001
  },
  "model": "item/fun/f001"
},
{
  "predicate": {
      "custom_model_data": 10002
  },
  "model": "item/fun/f002"
},
{
  "predicate": {
      "custom_model_data": 10003
  },
  "model": "item/fun/f003"
},
{
  "predicate": {
      "custom_model_data": 10004
  },
  "model": "item/fun/f004"
},
{
  "predicate": {
      "custom_model_data": 10005
  },
  "model": "item/fun/f005"
},
{
  "predicate": {
      "custom_model_data": 10006
  },
  "model": "item/fun/f006"
},
{
  "predicate": {
      "custom_model_data": 10007
  },
  "model": "item/fun/f007"
},
{
  "predicate": {
      "custom_model_data": 10008
  },
  "model": "item/fun/f008"
},
{
  "predicate": {
      "custom_model_data": 10009
  },
  "model": "item/fun/f009"
},
{
  "predicate": {
      "custom_model_data": 10010
  },
  "model": "item/fun/f010"
},
{
  "predicate": {
      "custom_model_data": 10011
  },
  "model": "item/fun/f011"
},
{
  "predicate": {
      "custom_model_data": 10012
  },
  "model": "item/fun/f012"
},
{
  "predicate": {
      "custom_model_data": 10013
  },
  "model": "item/fun/f013"
},
{
  "predicate": {
      "custom_model_data": 10014
  },
  "model": "item/fun/f014"
},
{
  "predicate": {
      "custom_model_data": 10015
  },
  "model": "item/fun/f015"
},
{
  "predicate": {
      "custom_model_data": 10016
  },
  "model": "item/fun/f016"
},
{
  "predicate": {
      "custom_model_data": 10017
  },
  "model": "item/fun/f017"
},
{
  "predicate": {
      "custom_model_data": 10018
  },
  "model": "item/fun/f018"
},
{
  "predicate": {
      "custom_model_data": 10019
  },
  "model": "item/fun/f019"
},
{
  "predicate": {
      "custom_model_data": 10020
  },
  "model": "item/fun/f020"
},
{
  "predicate": {
      "custom_model_data": 10021
  },
  "model": "item/fun/f021"
},
{
  "predicate": {
      "custom_model_data": 10022
  },
  "model": "item/fun/f022"
},
{
  "predicate": {
      "custom_model_data": 10023
  },
  "model": "item/fun/f023"
},
{
  "predicate": {
      "custom_model_data": 10024
  },
  "model": "item/fun/f024"
},
{
  "predicate": {
      "custom_model_data": 10025
  },
  "model": "item/fun/f025"
},
{
  "predicate": {
      "custom_model_data": 10026
  },
  "model": "item/fun/f026"
},
{
  "predicate": {
      "custom_model_data": 10027
  },
  "model": "item/fun/f027"
},
{
  "predicate": {
      "custom_model_data": 10028
  },
  "model": "item/fun/f028"
},
{
  "predicate": {
      "custom_model_data": 10029
  },
  "model": "item/fun/f029"
},
{
  "predicate": {
      "custom_model_data": 10030
  },
  "model": "item/fun/f030"
},
{
  "predicate": {
      "custom_model_data": 10031
  },
  "model": "item/fun/f031"
},
{
  "predicate": {
      "custom_model_data": 10032
  },
  "model": "item/fun/f032"
},
{
  "predicate": {
      "custom_model_data": 10033
  },
  "model": "item/fun/f033"
},
{
  "predicate": {
      "custom_model_data": 10034
  },
  "model": "item/fun/f034"
},
{
  "predicate": {
      "custom_model_data": 10035
  },
  "model": "item/fun/f035"
},
{
  "predicate": {
      "custom_model_data": 10036
  },
  "model": "item/fun/f036"
},
{
  "predicate": {
      "custom_model_data": 10037
  },
  "model": "item/fun/f037"
},
{
  "predicate": {
      "custom_model_data": 10038
  },
  "model": "item/fun/f038"
},
{
  "predicate": {
      "custom_model_data": 10039
  },
  "model": "item/fun/f039"
},
{
  "predicate": {
      "custom_model_data": 10040
  },
  "model": "item/fun/f040"
},
{
  "predicate": {
      "custom_model_data": 10041
  },
  "model": "item/fun/f041"
},
{
  "predicate": {
      "custom_model_data": 10042
  },
  "model": "item/fun/f042"
},
{
  "predicate": {
      "custom_model_data": 10043
  },
  "model": "item/fun/f043"
},
{
  "predicate": {
      "custom_model_data": 10044
  },
  "model": "item/fun/f044"
},
{
  "predicate": {
      "custom_model_data": 10045
  },
  "model": "item/fun/f045"
},
{
  "predicate": {
      "custom_model_data": 10046
  },
  "model": "item/fun/f046"
},
{
  "predicate": {
      "custom_model_data": 10047
  },
  "model": "item/fun/f047"
},
{
  "predicate": {
      "custom_model_data": 10048
  },
  "model": "item/fun/f048"
},
{
  "predicate": {
      "custom_model_data": 10049
  },
  "model": "item/fun/f049"
},
{
  "predicate": {
      "custom_model_data": 10050
  },
  "model": "item/fun/f050"
},
{
  "predicate": {
      "custom_model_data": 10051
  },
  "model": "item/fun/f051"
},
{
  "predicate": {
      "custom_model_data": 10052
  },
  "model": "item/fun/f052"
},
{
  "predicate": {
      "custom_model_data": 10053
  },
  "model": "item/fun/f053"
},
{
  "predicate": {
      "custom_model_data": 10054
  },
  "model": "item/fun/f054"
},
{
  "predicate": {
      "custom_model_data": 10055
  },
  "model": "item/fun/f055"
},
{
  "predicate": {
      "custom_model_data": 10056
  },
  "model": "item/fun/f056"
},
{
  "predicate": {
      "custom_model_data": 10057
  },
  "model": "item/fun/f057"
},
{
  "predicate": {
      "custom_model_data": 10058
  },
  "model": "item/fun/f058"
},
{
  "predicate": {
      "custom_model_data": 10059
  },
  "model": "item/fun/f059"
},
{
  "predicate": {
      "custom_model_data": 10060
  },
  "model": "item/fun/f060"
},
{
  "predicate": {
      "custom_model_data": 10061
  },
  "model": "item/fun/f061"
},
{
  "predicate": {
      "custom_model_data": 10062
  },
  "model": "item/fun/f062"
},
{
  "predicate": {
      "custom_model_data": 10063
  },
  "model": "item/fun/f063"
},
{
  "predicate": {
      "custom_model_data": 10064
  },
  "model": "item/fun/f064"
},
{
  "predicate": {
      "custom_model_data": 10065
  },
  "model": "item/fun/f065"
},
{
  "predicate": {
      "custom_model_data": 10066
  },
  "model": "item/fun/f066"
},
{
  "predicate": {
      "custom_model_data": 10067
  },
  "model": "item/fun/f067"
},
{
  "predicate": {
      "custom_model_data": 10068
  },
  "model": "item/fun/f068"
},
{
  "predicate": {
      "custom_model_data": 10069
  },
  "model": "item/fun/f069"
},
{
  "predicate": {
      "custom_model_data": 10070
  },
  "model": "item/fun/f070"
},
{
  "predicate": {
      "custom_model_data": 10071
  },
  "model": "item/fun/f071"
},
{
  "predicate": {
      "custom_model_data": 10072
  },
  "model": "item/fun/f072"
},
{
  "predicate": {
      "custom_model_data": 10073
  },
  "model": "item/fun/f073"
},
{
  "predicate": {
      "custom_model_data": 10074
  },
  "model": "item/fun/f074"
},
{
  "predicate": {
      "custom_model_data": 10075
  },
  "model": "item/fun/f075"
},
{
  "predicate": {
      "custom_model_data": 10076
  },
  "model": "item/fun/f076"
},
{
  "predicate": {
      "custom_model_data": 10077
  },
  "model": "item/fun/f077"
},
{
  "predicate": {
      "custom_model_data": 10078
  },
  "model": "item/fun/f078"
},
{
  "predicate": {
      "custom_model_data": 10079
  },
  "model": "item/fun/f079"
},
{
  "predicate": {
      "custom_model_data": 10080
  },
  "model": "item/fun/f080"
},
{
  "predicate": {
      "custom_model_data": 10081
  },
  "model": "item/fun/f081"
},
{
  "predicate": {
      "custom_model_data": 10082
  },
  "model": "item/fun/f082"
},
{
  "predicate": {
      "custom_model_data": 10083
  },
  "model": "item/fun/f083"
},
{
  "predicate": {
      "custom_model_data": 10084
  },
  "model": "item/fun/f084"
},
{
  "predicate": {
      "custom_model_data": 10085
  },
  "model": "item/fun/f085"
},
{
  "predicate": {
      "custom_model_data": 10086
  },
  "model": "item/fun/f086"
},
{
  "predicate": {
      "custom_model_data": 10087
  },
  "model": "item/fun/f087"
},
{
  "predicate": {
      "custom_model_data": 10088
  },
  "model": "item/fun/f088"
},
{
  "predicate": {
      "custom_model_data": 10089
  },
  "model": "item/fun/f089"
},
{
  "predicate": {
      "custom_model_data": 10090
  },
  "model": "item/fun/f090"
},
{
  "predicate": {
      "custom_model_data": 10091
  },
  "model": "item/fun/f091"
},
{
  "predicate": {
      "custom_model_data": 10092
  },
  "model": "item/fun/f092"
},
{
  "predicate": {
      "custom_model_data": 10093
  },
  "model": "item/fun/f093"
},
{
  "predicate": {
      "custom_model_data": 10094
  },
  "model": "item/fun/f094"
},
{
  "predicate": {
      "custom_model_data": 10095
  },
  "model": "item/fun/f095"
},
{
  "predicate": {
      "custom_model_data": 10096
  },
  "model": "item/fun/f096"
},
{
  "predicate": {
      "custom_model_data": 10097
  },
  "model": "item/fun/f097"
},
{
  "predicate": {
      "custom_model_data": 10098
  },
  "model": "item/fun/f098"
},
{
  "predicate": {
      "custom_model_data": 10099
  },
  "model": "item/fun/f099"
},
{
  "predicate": {
      "custom_model_data": 10100
  },
  "model": "item/fun/f100"
},
{
  "predicate": {
      "custom_model_data": 10101
  },
  "model": "item/fun/f101"
},
{
  "predicate": {
      "custom_model_data": 10102
  },
  "model": "item/fun/f102"
},
{
  "predicate": {
      "custom_model_data": 10103
  },
  "model": "item/fun/f103"
},
{
  "predicate": {
      "custom_model_data": 10104
  },
  "model": "item/fun/f104"
},
{
  "predicate": {
      "custom_model_data": 10105
  },
  "model": "item/fun/f105"
},
{
  "predicate": {
      "custom_model_data": 10106
  },
  "model": "item/fun/f106"
},
{
  "predicate": {
      "custom_model_data": 10107
  },
  "model": "item/fun/f107"
},
{
  "predicate": {
      "custom_model_data": 10108
  },
  "model": "item/fun/f108"
},
{
  "predicate": {
      "custom_model_data": 10109
  },
  "model": "item/fun/f109"
},
{
  "predicate": {
      "custom_model_data": 10110
  },
  "model": "item/fun/f110"
},
{
  "predicate": {
      "custom_model_data": 10111
  },
  "model": "item/fun/f111"
},
{
  "predicate": {
      "custom_model_data": 10112
  },
  "model": "item/fun/f112"
},
{
  "predicate": {
      "custom_model_data": 10113
  },
  "model": "item/fun/f113"
},
{
  "predicate": {
      "custom_model_data": 10114
  },
  "model": "item/fun/f114"
},
{
  "predicate": {
      "custom_model_data": 10115
  },
  "model": "item/fun/f115"
},
{
  "predicate": {
      "custom_model_data": 10116
  },
  "model": "item/fun/f116"
},
{
  "predicate": {
      "custom_model_data": 10117
  },
  "model": "item/fun/f117"
},
{
  "predicate": {
      "custom_model_data": 10118
  },
  "model": "item/fun/f118"
},
{
  "predicate": {
      "custom_model_data": 10119
  },
  "model": "item/fun/f119"
},
{
  "predicate": {
      "custom_model_data": 10120
  },
  "model": "item/fun/f120"
},
{
  "predicate": {
      "custom_model_data": 10121
  },
  "model": "item/fun/f121"
},
{
  "predicate": {
      "custom_model_data": 10122
  },
  "model": "item/fun/f122"
},
{
  "predicate": {
      "custom_model_data": 10123
  },
  "model": "item/fun/f123"
},
{
  "predicate": {
      "custom_model_data": 10124
  },
  "model": "item/fun/f124"
},
{
  "predicate": {
      "custom_model_data": 10125
  },
  "model": "item/fun/f125"
},
{
  "predicate": {
      "custom_model_data": 10126
  },
  "model": "item/fun/f126"
},
{
  "predicate": {
      "custom_model_data": 10127
  },
  "model": "item/fun/f127"
},
{
  "predicate": {
      "custom_model_data": 10128
  },
  "model": "item/fun/f128"
},
{
  "predicate": {
      "custom_model_data": 10129
  },
  "model": "item/fun/f129"
},
{
  "predicate": {
      "custom_model_data": 10130
  },
  "model": "item/fun/f130"
},
{
  "predicate": {
      "custom_model_data": 10131
  },
  "model": "item/fun/f131"
},
{
  "predicate": {
      "custom_model_data": 10132
  },
  "model": "item/fun/f132"
},
{
  "predicate": {
      "custom_model_data": 10133
  },
  "model": "item/fun/f133"
},
{
  "predicate": {
      "custom_model_data": 10134
  },
  "model": "item/fun/f134"
},
{
  "predicate": {
      "custom_model_data": 10135
  },
  "model": "item/fun/f135"
},
{
  "predicate": {
      "custom_model_data": 10136
  },
  "model": "item/fun/f136"
},
{
  "predicate": {
      "custom_model_data": 10137
  },
  "model": "item/fun/f137"
},
{
  "predicate": {
      "custom_model_data": 10138
  },
  "model": "item/fun/f138"
},
{
  "predicate": {
      "custom_model_data": 10139
  },
  "model": "item/fun/f139"
},
{
  "predicate": {
      "custom_model_data": 10140
  },
  "model": "item/fun/f140"
},
{
  "predicate": {
      "custom_model_data": 10141
  },
  "model": "item/fun/f141"
},
{
  "predicate": {
      "custom_model_data": 11001
  },
  "model": "item/fun/g001"
},
{
  "predicate": {
      "custom_model_data": 11002
  },
  "model": "item/fun/g002"
},
{
  "predicate": {
      "custom_model_data": 11003
  },
  "model": "item/fun/g003"
},
{
  "predicate": {
      "custom_model_data": 11004
  },
  "model": "item/fun/g004"
},
{
  "predicate": {
      "custom_model_data": 11005
  },
  "model": "item/fun/g005"
},
{
  "predicate": {
      "custom_model_data": 11006
  },
  "model": "item/fun/g006"
},
{
  "predicate": {
      "custom_model_data": 11007
  },
  "model": "item/fun/g007"
},
{
  "predicate": {
      "custom_model_data": 11008
  },
  "model": "item/fun/g008"
},
{
  "predicate": {
      "custom_model_data": 11009
  },
  "model": "item/fun/g009"
},
{
  "predicate": {
      "custom_model_data": 11010
  },
  "model": "item/fun/g010"
},
{
  "predicate": {
      "custom_model_data": 11011
  },
  "model": "item/fun/g011"
},
{
  "predicate": {
      "custom_model_data": 11012
  },
  "model": "item/fun/g012"
},
{
  "predicate": {
      "custom_model_data": 11013
  },
  "model": "item/fun/g013"
},
{
  "predicate": {
      "custom_model_data": 11014
  },
  "model": "item/fun/g014"
},
{
  "predicate": {
      "custom_model_data": 11015
  },
  "model": "item/fun/g015"
},
{
  "predicate": {
      "custom_model_data": 11016
  },
  "model": "item/fun/g016"
},
{
  "predicate": {
      "custom_model_data": 11017
  },
  "model": "item/fun/g017"
},
{
  "predicate": {
      "custom_model_data": 11018
  },
  "model": "item/fun/g018"
},
{
  "predicate": {
      "custom_model_data": 11019
  },
  "model": "item/fun/g019"
},
{
  "predicate": {
      "custom_model_data": 11020
  },
  "model": "item/fun/g020"
},
{
  "predicate": {
      "custom_model_data": 11021
  },
  "model": "item/fun/g021"
},
{
  "predicate": {
      "custom_model_data": 11022
  },
  "model": "item/fun/g022"
},
{
  "predicate": {
      "custom_model_data": 11023
  },
  "model": "item/fun/g023"
},
{
  "predicate": {
      "custom_model_data": 11024
  },
  "model": "item/fun/g024"
},
{
  "predicate": {
      "custom_model_data": 11025
  },
  "model": "item/fun/g025"
},
{
  "predicate": {
      "custom_model_data": 11026
  },
  "model": "item/fun/g026"
},
{
  "predicate": {
      "custom_model_data": 11027
  },
  "model": "item/fun/g027"
},
{
  "predicate": {
      "custom_model_data": 11028
  },
  "model": "item/fun/g028"
},
{
  "predicate": {
      "custom_model_data": 11029
  },
  "model": "item/fun/g029"
},
{
  "predicate": {
      "custom_model_data": 11030
  },
  "model": "item/fun/g030"
},
{
  "predicate": {
      "custom_model_data": 11031
  },
  "model": "item/fun/g031"
},
{
  "predicate": {
      "custom_model_data": 11032
  },
  "model": "item/fun/g032"
},
{
  "predicate": {
      "custom_model_data": 11033
  },
  "model": "item/fun/g033"
},
{
  "predicate": {
      "custom_model_data": 11034
  },
  "model": "item/fun/g034"
},
{
  "predicate": {
      "custom_model_data": 11035
  },
  "model": "item/fun/g035"
},
{
  "predicate": {
      "custom_model_data": 11036
  },
  "model": "item/fun/g036"
},
{
  "predicate": {
      "custom_model_data": 11037
  },
  "model": "item/fun/g037"
},
{
  "predicate": {
      "custom_model_data": 11038
  },
  "model": "item/fun/g038"
},
{
  "predicate": {
      "custom_model_data": 11039
  },
  "model": "item/fun/g039"
},
{
  "predicate": {
      "custom_model_data": 11040
  },
  "model": "item/fun/g040"
},
{
  "predicate": {
      "custom_model_data": 11041
  },
  "model": "item/fun/g041"
},
{
  "predicate": {
      "custom_model_data": 11042
  },
  "model": "item/fun/g042"
},
{
  "predicate": {
      "custom_model_data": 11043
  },
  "model": "item/fun/g043"
},
{
  "predicate": {
      "custom_model_data": 11044
  },
  "model": "item/fun/g044"
},
{
  "predicate": {
      "custom_model_data": 11045
  },
  "model": "item/fun/g045"
},
{
  "predicate": {
      "custom_model_data": 11046
  },
  "model": "item/fun/g046"
},
{
  "predicate": {
      "custom_model_data": 11047
  },
  "model": "item/fun/g047"
},
{
  "predicate": {
      "custom_model_data": 11048
  },
  "model": "item/fun/g048"
},
{
  "predicate": {
      "custom_model_data": 11049
  },
  "model": "item/fun/g049"
},
{
  "predicate": {
      "custom_model_data": 11050
  },
  "model": "item/fun/g050"
},
{
  "predicate": {
      "custom_model_data": 11051
  },
  "model": "item/fun/g051"
},
{
  "predicate": {
      "custom_model_data": 11052
  },
  "model": "item/fun/g052"
},
{
  "predicate": {
      "custom_model_data": 11053
  },
  "model": "item/fun/g053"
},
{
  "predicate": {
      "custom_model_data": 11054
  },
  "model": "item/fun/g054"
},
{
  "predicate": {
      "custom_model_data": 11055
  },
  "model": "item/fun/g055"
},
{
  "predicate": {
      "custom_model_data": 11056
  },
  "model": "item/fun/g056"
},
{
  "predicate": {
      "custom_model_data": 11057
  },
  "model": "item/fun/g057"
},
{
  "predicate": {
      "custom_model_data": 11058
  },
  "model": "item/fun/g058"
},
{
  "predicate": {
      "custom_model_data": 11059
  },
  "model": "item/fun/g059"
},
{
  "predicate": {
      "custom_model_data": 11060
  },
  "model": "item/fun/g060"
},
{
  "predicate": {
      "custom_model_data": 11061
  },
  "model": "item/fun/g061"
},
{
  "predicate": {
      "custom_model_data": 11062
  },
  "model": "item/fun/g062"
},
{
  "predicate": {
      "custom_model_data": 11063
  },
  "model": "item/fun/g063"
},
{
  "predicate": {
      "custom_model_data": 11064
  },
  "model": "item/fun/g064"
},
{
  "predicate": {
      "custom_model_data": 11065
  },
  "model": "item/fun/g065"
},
{
  "predicate": {
      "custom_model_data": 11066
  },
  "model": "item/fun/g066"
},
{
  "predicate": {
      "custom_model_data": 11067
  },
  "model": "item/fun/g067"
},
{
  "predicate": {
      "custom_model_data": 11068
  },
  "model": "item/fun/g068"
},
{
  "predicate": {
      "custom_model_data": 11069
  },
  "model": "item/fun/g069"
},
{
  "predicate": {
      "custom_model_data": 11070
  },
  "model": "item/fun/g070"
},
{
  "predicate": {
      "custom_model_data": 11071
  },
  "model": "item/fun/g071"
},
{
  "predicate": {
      "custom_model_data": 11072
  },
  "model": "item/fun/g072"
},
{
  "predicate": {
      "custom_model_data": 11073
  },
  "model": "item/fun/g073"
},
{
  "predicate": {
      "custom_model_data": 11074
  },
  "model": "item/fun/g074"
},
{
  "predicate": {
      "custom_model_data": 11075
  },
  "model": "item/fun/g075"
},
{
  "predicate": {
      "custom_model_data": 11076
  },
  "model": "item/fun/g076"
},
{
  "predicate": {
      "custom_model_data": 11077
  },
  "model": "item/fun/g077"
},
{
  "predicate": {
      "custom_model_data": 11078
  },
  "model": "item/fun/g078"
},
{
  "predicate": {
      "custom_model_data": 11079
  },
  "model": "item/fun/g079"
},
{
  "predicate": {
      "custom_model_data": 11080
  },
  "model": "item/fun/g080"
},
{
  "predicate": {
      "custom_model_data": 11081
  },
  "model": "item/fun/g081"
},
{
  "predicate": {
      "custom_model_data": 11082
  },
  "model": "item/fun/g082"
},
{
  "predicate": {
      "custom_model_data": 11087
  },
  "model": "item/fun/g087"
},
{
  "predicate": {
      "custom_model_data": 12001
  },
  "model": "item/fun/h001"
},
{
  "predicate": {
      "custom_model_data": 12002
  },
  "model": "item/fun/h002"
},
{
  "predicate": {
      "custom_model_data": 12003
  },
  "model": "item/fun/h003"
},
{
  "predicate": {
      "custom_model_data": 12004
  },
  "model": "item/fun/h004"
},
{
  "predicate": {
      "custom_model_data": 12005
  },
  "model": "item/fun/h005"
},
{
  "predicate": {
      "custom_model_data": 12006
  },
  "model": "item/fun/h006"
},
{
  "predicate": {
      "custom_model_data": 12007
  },
  "model": "item/fun/h007"
},
{
  "predicate": {
      "custom_model_data": 12008
  },
  "model": "item/fun/h008"
},
{
  "predicate": {
      "custom_model_data": 12009
  },
  "model": "item/fun/h009"
},
{
  "predicate": {
      "custom_model_data": 12010
  },
  "model": "item/fun/h010"
},
{
  "predicate": {
      "custom_model_data": 12011
  },
  "model": "item/fun/h011"
},
{
  "predicate": {
      "custom_model_data": 12012
  },
  "model": "item/fun/h012"
},
{
  "predicate": {
      "custom_model_data": 12013
  },
  "model": "item/fun/h013"
},
{
  "predicate": {
      "custom_model_data": 12014
  },
  "model": "item/fun/h014"
},
{
  "predicate": {
      "custom_model_data": 12015
  },
  "model": "item/fun/h015"
},
{
  "predicate": {
      "custom_model_data": 12016
  },
  "model": "item/fun/h016"
},
{
  "predicate": {
      "custom_model_data": 12017
  },
  "model": "item/fun/h017"
},
{
  "predicate": {
      "custom_model_data": 12018
  },
  "model": "item/fun/h018"
},
{
  "predicate": {
      "custom_model_data": 12019
  },
  "model": "item/fun/h019"
},
{
  "predicate": {
      "custom_model_data": 12020
  },
  "model": "item/fun/h020"
},
{
  "predicate": {
      "custom_model_data": 12021
  },
  "model": "item/fun/h021"
},
{
  "predicate": {
      "custom_model_data": 12022
  },
  "model": "item/fun/h022"
},
{
  "predicate": {
      "custom_model_data": 12023
  },
  "model": "item/fun/h023"
},
{
  "predicate": {
      "custom_model_data": 12024
  },
  "model": "item/fun/h024"
},
{
  "predicate": {
      "custom_model_data": 12025
  },
  "model": "item/fun/h025"
},
{
  "predicate": {
      "custom_model_data": 12026
  },
  "model": "item/fun/h026"
},
{
  "predicate": {
      "custom_model_data": 12027
  },
  "model": "item/fun/h027"
},
{
  "predicate": {
      "custom_model_data": 12028
  },
  "model": "item/fun/h028"
},
{
  "predicate": {
      "custom_model_data": 12029
  },
  "model": "item/fun/h029"
},
{
  "predicate": {
      "custom_model_data": 12030
  },
  "model": "item/fun/h030"
},
{
  "predicate": {
      "custom_model_data": 12031
  },
  "model": "item/fun/h031"
},
{
  "predicate": {
      "custom_model_data": 12032
  },
  "model": "item/fun/h032"
},
{
  "predicate": {
      "custom_model_data": 12033
  },
  "model": "item/fun/h033"
},
{
  "predicate": {
      "custom_model_data": 12034
  },
  "model": "item/fun/h034"
},
{
  "predicate": {
      "custom_model_data": 12035
  },
  "model": "item/fun/h035"
},
{
  "predicate": {
      "custom_model_data": 12036
  },
  "model": "item/fun/h036"
},
{
  "predicate": {
      "custom_model_data": 12037
  },
  "model": "item/fun/h037"
},
{
  "predicate": {
      "custom_model_data": 12038
  },
  "model": "item/fun/h038"
},
{
  "predicate": {
      "custom_model_data": 12039
  },
  "model": "item/fun/h039"
},
{
  "predicate": {
      "custom_model_data": 12040
  },
  "model": "item/fun/h040"
},
{
  "predicate": {
      "custom_model_data": 12041
  },
  "model": "item/fun/h041"
},
{
  "predicate": {
      "custom_model_data": 12042
  },
  "model": "item/fun/h042"
},
{
  "predicate": {
      "custom_model_data": 12043
  },
  "model": "item/fun/h043"
},
{
  "predicate": {
      "custom_model_data": 12044
  },
  "model": "item/fun/h044"
},
{
  "predicate": {
      "custom_model_data": 12045
  },
  "model": "item/fun/h045"
},
{
  "predicate": {
      "custom_model_data": 12046
  },
  "model": "item/fun/h046"
},
{
  "predicate": {
      "custom_model_data": 12047
  },
  "model": "item/fun/h047"
},
{
  "predicate": {
      "custom_model_data": 12048
  },
  "model": "item/fun/h048"
},
{
  "predicate": {
      "custom_model_data": 12049
  },
  "model": "item/fun/h049"
},
{
  "predicate": {
      "custom_model_data": 12050
  },
  "model": "item/fun/h050"
},
{
  "predicate": {
      "custom_model_data": 12051
  },
  "model": "item/fun/h051"
},
{
  "predicate": {
      "custom_model_data": 12052
  },
  "model": "item/fun/h052"
},
{
  "predicate": {
      "custom_model_data": 12053
  },
  "model": "item/fun/h053"
},
{
  "predicate": {
      "custom_model_data": 12054
  },
  "model": "item/fun/h054"
},
{
  "predicate": {
      "custom_model_data": 12055
  },
  "model": "item/fun/h055"
},
{
  "predicate": {
      "custom_model_data": 12056
  },
  "model": "item/fun/h056"
},
{
  "predicate": {
      "custom_model_data": 12057
  },
  "model": "item/fun/h057"
},
{
  "predicate": {
      "custom_model_data": 12058
  },
  "model": "item/fun/h058"
},
{
  "predicate": {
      "custom_model_data": 12059
  },
  "model": "item/fun/h059"
},
{
  "predicate": {
      "custom_model_data": 12060
  },
  "model": "item/fun/h060"
},
{
  "predicate": {
      "custom_model_data": 12061
  },
  "model": "item/fun/h061"
},
{
  "predicate": {
      "custom_model_data": 12062
  },
  "model": "item/fun/h062"
},
{
  "predicate": {
      "custom_model_data": 12063
  },
  "model": "item/fun/h063"
},
{
  "predicate": {
      "custom_model_data": 12064
  },
  "model": "item/fun/h064"
},
{
  "predicate": {
      "custom_model_data": 12065
  },
  "model": "item/fun/h065"
},
{
  "predicate": {
      "custom_model_data": 12066
  },
  "model": "item/fun/h066"
},
{
  "predicate": {
      "custom_model_data": 12067
  },
  "model": "item/fun/h067"
},
{
  "predicate": {
      "custom_model_data": 12068
  },
  "model": "item/fun/h068"
},
{
  "predicate": {
      "custom_model_data": 12069
  },
  "model": "item/fun/h069"
},
{
  "predicate": {
      "custom_model_data": 12070
  },
  "model": "item/fun/h070"
},
{
  "predicate": {
      "custom_model_data": 12071
  },
  "model": "item/fun/h071"
},
{
  "predicate": {
      "custom_model_data": 12072
  },
  "model": "item/fun/h072"
},
{
  "predicate": {
      "custom_model_data": 12073
  },
  "model": "item/fun/h073"
},
{
  "predicate": {
      "custom_model_data": 12074
  },
  "model": "item/fun/h074"
},
{
  "predicate": {
      "custom_model_data": 12075
  },
  "model": "item/fun/h075"
},
{
  "predicate": {
      "custom_model_data": 12076
  },
  "model": "item/fun/h076"
},
{
  "predicate": {
      "custom_model_data": 12077
  },
  "model": "item/fun/h077"
},
{
  "predicate": {
      "custom_model_data": 12078
  },
  "model": "item/fun/h078"
},
{
  "predicate": {
      "custom_model_data": 12079
  },
  "model": "item/fun/h079"
},
{
  "predicate": {
      "custom_model_data": 12080
  },
  "model": "item/fun/h080"
},
{
  "predicate": {
      "custom_model_data": 12081
  },
  "model": "item/fun/h081"
},
{
  "predicate": {
      "custom_model_data": 12082
  },
  "model": "item/fun/h082"
},
{
  "predicate": {
      "custom_model_data": 12087
  },
  "model": "item/fun/h087"
},
{
  "predicate": {
      "custom_model_data": 13001
  },
  "model": "item/fun/i001"
},
{
  "predicate": {
      "custom_model_data": 13002
  },
  "model": "item/fun/i002"
},
{
  "predicate": {
      "custom_model_data": 13003
  },
  "model": "item/fun/i003"
},
{
  "predicate": {
      "custom_model_data": 13004
  },
  "model": "item/fun/i004"
},
{
  "predicate": {
      "custom_model_data": 13005
  },
  "model": "item/fun/i005"
},
{
  "predicate": {
      "custom_model_data": 13006
  },
  "model": "item/fun/i006"
},
{
  "predicate": {
      "custom_model_data": 13007
  },
  "model": "item/fun/i007"
},
{
  "predicate": {
      "custom_model_data": 13008
  },
  "model": "item/fun/i008"
},
{
  "predicate": {
      "custom_model_data": 13009
  },
  "model": "item/fun/i009"
},
{
  "predicate": {
      "custom_model_data": 13010
  },
  "model": "item/fun/i010"
},
{
  "predicate": {
      "custom_model_data": 13011
  },
  "model": "item/fun/i011"
},
{
  "predicate": {
      "custom_model_data": 13012
  },
  "model": "item/fun/i012"
},
{
  "predicate": {
      "custom_model_data": 13013
  },
  "model": "item/fun/i013"
},
{
  "predicate": {
      "custom_model_data": 13014
  },
  "model": "item/fun/i014"
},
{
  "predicate": {
      "custom_model_data": 13015
  },
  "model": "item/fun/i015"
},
{
  "predicate": {
      "custom_model_data": 13016
  },
  "model": "item/fun/i016"
},
{
  "predicate": {
      "custom_model_data": 13017
  },
  "model": "item/fun/i017"
},
{
  "predicate": {
      "custom_model_data": 13018
  },
  "model": "item/fun/i018"
},
{
  "predicate": {
      "custom_model_data": 13019
  },
  "model": "item/fun/i019"
},
{
  "predicate": {
      "custom_model_data": 13020
  },
  "model": "item/fun/i020"
},
{
  "predicate": {
      "custom_model_data": 13021
  },
  "model": "item/fun/i021"
},
{
  "predicate": {
      "custom_model_data": 13022
  },
  "model": "item/fun/i022"
},
{
  "predicate": {
      "custom_model_data": 13023
  },
  "model": "item/fun/i023"
},
{
  "predicate": {
      "custom_model_data": 13024
  },
  "model": "item/fun/i024"
},
{
  "predicate": {
      "custom_model_data": 13025
  },
  "model": "item/fun/i025"
},
{
  "predicate": {
      "custom_model_data": 13026
  },
  "model": "item/fun/i026"
},
{
  "predicate": {
      "custom_model_data": 13027
  },
  "model": "item/fun/i027"
},
{
  "predicate": {
      "custom_model_data": 13028
  },
  "model": "item/fun/i028"
},
{
  "predicate": {
      "custom_model_data": 13029
  },
  "model": "item/fun/i029"
},
{
  "predicate": {
      "custom_model_data": 13030
  },
  "model": "item/fun/i030"
},
{
  "predicate": {
      "custom_model_data": 13031
  },
  "model": "item/fun/i031"
},
{
  "predicate": {
      "custom_model_data": 13032
  },
  "model": "item/fun/i032"
},
{
  "predicate": {
      "custom_model_data": 13033
  },
  "model": "item/fun/i033"
},
{
  "predicate": {
      "custom_model_data": 13034
  },
  "model": "item/fun/i034"
},
{
  "predicate": {
      "custom_model_data": 13035
  },
  "model": "item/fun/i035"
},
{
  "predicate": {
      "custom_model_data": 13036
  },
  "model": "item/fun/i036"
},
{
  "predicate": {
      "custom_model_data": 13037
  },
  "model": "item/fun/i037"
},
{
  "predicate": {
      "custom_model_data": 13038
  },
  "model": "item/fun/i038"
},
{
  "predicate": {
      "custom_model_data": 13039
  },
  "model": "item/fun/i039"
},
{
  "predicate": {
      "custom_model_data": 13040
  },
  "model": "item/fun/i040"
},
{
  "predicate": {
      "custom_model_data": 13041
  },
  "model": "item/fun/i041"
},
{
  "predicate": {
      "custom_model_data": 13042
  },
  "model": "item/fun/i042"
},
{
  "predicate": {
      "custom_model_data": 13043
  },
  "model": "item/fun/i043"
},
{
  "predicate": {
      "custom_model_data": 13044
  },
  "model": "item/fun/i044"
},
{
  "predicate": {
      "custom_model_data": 13045
  },
  "model": "item/fun/i045"
},
{
  "predicate": {
      "custom_model_data": 13046
  },
  "model": "item/fun/i046"
},
{
  "predicate": {
      "custom_model_data": 13047
  },
  "model": "item/fun/i047"
},
{
  "predicate": {
      "custom_model_data": 13048
  },
  "model": "item/fun/i048"
},
{
  "predicate": {
      "custom_model_data": 13049
  },
  "model": "item/fun/i049"
},
{
  "predicate": {
      "custom_model_data": 13050
  },
  "model": "item/fun/i050"
},
{
  "predicate": {
      "custom_model_data": 13051
  },
  "model": "item/fun/i051"
},
{
  "predicate": {
      "custom_model_data": 13052
  },
  "model": "item/fun/i052"
},
{
  "predicate": {
      "custom_model_data": 13053
  },
  "model": "item/fun/i053"
},
{
  "predicate": {
      "custom_model_data": 13054
  },
  "model": "item/fun/i054"
},
{
  "predicate": {
      "custom_model_data": 13055
  },
  "model": "item/fun/i055"
},
{
  "predicate": {
      "custom_model_data": 13056
  },
  "model": "item/fun/i056"
},
{
  "predicate": {
      "custom_model_data": 13057
  },
  "model": "item/fun/i057"
},
{
  "predicate": {
      "custom_model_data": 13058
  },
  "model": "item/fun/i058"
},
{
  "predicate": {
      "custom_model_data": 13059
  },
  "model": "item/fun/i059"
},
{
  "predicate": {
      "custom_model_data": 13060
  },
  "model": "item/fun/i060"
},
{
  "predicate": {
      "custom_model_data": 13061
  },
  "model": "item/fun/i061"
},
{
  "predicate": {
      "custom_model_data": 13062
  },
  "model": "item/fun/i062"
},
{
  "predicate": {
      "custom_model_data": 13063
  },
  "model": "item/fun/i063"
},
{
  "predicate": {
      "custom_model_data": 13064
  },
  "model": "item/fun/i064"
},
{
  "predicate": {
      "custom_model_data": 13065
  },
  "model": "item/fun/i065"
},
{
  "predicate": {
      "custom_model_data": 13066
  },
  "model": "item/fun/i066"
},
{
  "predicate": {
      "custom_model_data": 13067
  },
  "model": "item/fun/i067"
},
{
  "predicate": {
      "custom_model_data": 13068
  },
  "model": "item/fun/i068"
},
{
  "predicate": {
      "custom_model_data": 13069
  },
  "model": "item/fun/i069"
},
{
  "predicate": {
      "custom_model_data": 13070
  },
  "model": "item/fun/i070"
},
{
  "predicate": {
      "custom_model_data": 13071
  },
  "model": "item/fun/i071"
},
{
  "predicate": {
      "custom_model_data": 13072
  },
  "model": "item/fun/i072"
},
{
  "predicate": {
      "custom_model_data": 13073
  },
  "model": "item/fun/i073"
},
{
  "predicate": {
      "custom_model_data": 13074
  },
  "model": "item/fun/i074"
},
{
  "predicate": {
      "custom_model_data": 13075
  },
  "model": "item/fun/i075"
},
{
  "predicate": {
      "custom_model_data": 13076
  },
  "model": "item/fun/i076"
},
{
  "predicate": {
      "custom_model_data": 13077
  },
  "model": "item/fun/i077"
},
{
  "predicate": {
      "custom_model_data": 13078
  },
  "model": "item/fun/i078"
},
{
  "predicate": {
      "custom_model_data": 13079
  },
  "model": "item/fun/i079"
},
{
  "predicate": {
      "custom_model_data": 13080
  },
  "model": "item/fun/i080"
},
{
  "predicate": {
      "custom_model_data": 13081
  },
  "model": "item/fun/i081"
},
{
  "predicate": {
      "custom_model_data": 13082
  },
  "model": "item/fun/i082"
},
{
  "predicate": {
      "custom_model_data": 13087
  },
  "model": "item/fun/i087"
},
{
  "predicate": {
      "custom_model_data": 14001
  },
  "model": "item/fun/j001"
},
{
  "predicate": {
      "custom_model_data": 14002
  },
  "model": "item/fun/j002"
},
{
  "predicate": {
      "custom_model_data": 14003
  },
  "model": "item/fun/j003"
},
{
  "predicate": {
      "custom_model_data": 14004
  },
  "model": "item/fun/j004"
},
{
  "predicate": {
      "custom_model_data": 14005
  },
  "model": "item/fun/j005"
},
{
  "predicate": {
      "custom_model_data": 14006
  },
  "model": "item/fun/j006"
},
{
  "predicate": {
      "custom_model_data": 14007
  },
  "model": "item/fun/j007"
},
{
  "predicate": {
      "custom_model_data": 14008
  },
  "model": "item/fun/j008"
},
{
  "predicate": {
      "custom_model_data": 14009
  },
  "model": "item/fun/j009"
},
{
  "predicate": {
      "custom_model_data": 14010
  },
  "model": "item/fun/j010"
},
{
  "predicate": {
      "custom_model_data": 14011
  },
  "model": "item/fun/j011"
},
{
  "predicate": {
      "custom_model_data": 14012
  },
  "model": "item/fun/j012"
},
{
  "predicate": {
      "custom_model_data": 14013
  },
  "model": "item/fun/j013"
},
{
  "predicate": {
      "custom_model_data": 14014
  },
  "model": "item/fun/j014"
},
{
  "predicate": {
      "custom_model_data": 14015
  },
  "model": "item/fun/j015"
},
{
  "predicate": {
      "custom_model_data": 14016
  },
  "model": "item/fun/j016"
},
{
  "predicate": {
      "custom_model_data": 14017
  },
  "model": "item/fun/j017"
},
{
  "predicate": {
      "custom_model_data": 14018
  },
  "model": "item/fun/j018"
},
{
  "predicate": {
      "custom_model_data": 14019
  },
  "model": "item/fun/j019"
},
{
  "predicate": {
      "custom_model_data": 14020
  },
  "model": "item/fun/j020"
},
{
  "predicate": {
      "custom_model_data": 14021
  },
  "model": "item/fun/j021"
},
{
  "predicate": {
      "custom_model_data": 14022
  },
  "model": "item/fun/j022"
},
{
  "predicate": {
      "custom_model_data": 14023
  },
  "model": "item/fun/j023"
},
{
  "predicate": {
      "custom_model_data": 14024
  },
  "model": "item/fun/j024"
},
{
  "predicate": {
      "custom_model_data": 14025
  },
  "model": "item/fun/j025"
},
{
  "predicate": {
      "custom_model_data": 14026
  },
  "model": "item/fun/j026"
},
{
  "predicate": {
      "custom_model_data": 14027
  },
  "model": "item/fun/j027"
},
{
  "predicate": {
      "custom_model_data": 14028
  },
  "model": "item/fun/j028"
},
{
  "predicate": {
      "custom_model_data": 14029
  },
  "model": "item/fun/j029"
},
{
  "predicate": {
      "custom_model_data": 14030
  },
  "model": "item/fun/j030"
},
{
  "predicate": {
      "custom_model_data": 14031
  },
  "model": "item/fun/j031"
},
{
  "predicate": {
      "custom_model_data": 14032
  },
  "model": "item/fun/j032"
},
{
  "predicate": {
      "custom_model_data": 14033
  },
  "model": "item/fun/j033"
},
{
  "predicate": {
      "custom_model_data": 14034
  },
  "model": "item/fun/j034"
},
{
  "predicate": {
      "custom_model_data": 14035
  },
  "model": "item/fun/j035"
},
{
  "predicate": {
      "custom_model_data": 14036
  },
  "model": "item/fun/j036"
},
{
  "predicate": {
      "custom_model_data": 14037
  },
  "model": "item/fun/j037"
},
{
  "predicate": {
      "custom_model_data": 14038
  },
  "model": "item/fun/j038"
},
{
  "predicate": {
      "custom_model_data": 14039
  },
  "model": "item/fun/j039"
},
{
  "predicate": {
      "custom_model_data": 14040
  },
  "model": "item/fun/j040"
},
{
  "predicate": {
      "custom_model_data": 14041
  },
  "model": "item/fun/j041"
},
{
  "predicate": {
      "custom_model_data": 14042
  },
  "model": "item/fun/j042"
},
{
  "predicate": {
      "custom_model_data": 14043
  },
  "model": "item/fun/j043"
},
{
  "predicate": {
      "custom_model_data": 14044
  },
  "model": "item/fun/j044"
},
{
  "predicate": {
      "custom_model_data": 14045
  },
  "model": "item/fun/j045"
},
{
  "predicate": {
      "custom_model_data": 14046
  },
  "model": "item/fun/j046"
},
{
  "predicate": {
      "custom_model_data": 14047
  },
  "model": "item/fun/j047"
},
{
  "predicate": {
      "custom_model_data": 14048
  },
  "model": "item/fun/j048"
},
{
  "predicate": {
      "custom_model_data": 14049
  },
  "model": "item/fun/j049"
},
{
  "predicate": {
      "custom_model_data": 14050
  },
  "model": "item/fun/j050"
},
{
  "predicate": {
      "custom_model_data": 14051
  },
  "model": "item/fun/j051"
},
{
  "predicate": {
      "custom_model_data": 14052
  },
  "model": "item/fun/j052"
},
{
  "predicate": {
      "custom_model_data": 14053
  },
  "model": "item/fun/j053"
},
{
  "predicate": {
      "custom_model_data": 14054
  },
  "model": "item/fun/j054"
},
{
  "predicate": {
      "custom_model_data": 14055
  },
  "model": "item/fun/j055"
},
{
  "predicate": {
      "custom_model_data": 14056
  },
  "model": "item/fun/j056"
},
{
  "predicate": {
      "custom_model_data": 14057
  },
  "model": "item/fun/j057"
},
{
  "predicate": {
      "custom_model_data": 14058
  },
  "model": "item/fun/j058"
},
{
  "predicate": {
      "custom_model_data": 14059
  },
  "model": "item/fun/j059"
},
{
  "predicate": {
      "custom_model_data": 14060
  },
  "model": "item/fun/j060"
},
{
  "predicate": {
      "custom_model_data": 14061
  },
  "model": "item/fun/j061"
},
{
  "predicate": {
      "custom_model_data": 14062
  },
  "model": "item/fun/j062"
},
{
  "predicate": {
      "custom_model_data": 14063
  },
  "model": "item/fun/j063"
},
{
  "predicate": {
      "custom_model_data": 14064
  },
  "model": "item/fun/j064"
},
{
  "predicate": {
      "custom_model_data": 14065
  },
  "model": "item/fun/j065"
},
{
  "predicate": {
      "custom_model_data": 14066
  },
  "model": "item/fun/j066"
},
{
  "predicate": {
      "custom_model_data": 14067
  },
  "model": "item/fun/j067"
},
{
  "predicate": {
      "custom_model_data": 14068
  },
  "model": "item/fun/j068"
},
{
  "predicate": {
      "custom_model_data": 14069
  },
  "model": "item/fun/j069"
},
{
  "predicate": {
      "custom_model_data": 14070
  },
  "model": "item/fun/j070"
},
{
  "predicate": {
      "custom_model_data": 14071
  },
  "model": "item/fun/j071"
},
{
  "predicate": {
      "custom_model_data": 14072
  },
  "model": "item/fun/j072"
},
{
  "predicate": {
      "custom_model_data": 14073
  },
  "model": "item/fun/j073"
},
{
  "predicate": {
      "custom_model_data": 14074
  },
  "model": "item/fun/j074"
},
{
  "predicate": {
      "custom_model_data": 14075
  },
  "model": "item/fun/j075"
},
{
  "predicate": {
      "custom_model_data": 14076
  },
  "model": "item/fun/j076"
},
{
  "predicate": {
      "custom_model_data": 14077
  },
  "model": "item/fun/j077"
},
{
  "predicate": {
      "custom_model_data": 14078
  },
  "model": "item/fun/j078"
},
{
  "predicate": {
      "custom_model_data": 14079
  },
  "model": "item/fun/j079"
},
{
  "predicate": {
      "custom_model_data": 14080
  },
  "model": "item/fun/j080"
},
{
  "predicate": {
      "custom_model_data": 14081
  },
  "model": "item/fun/j081"
},
{
  "predicate": {
      "custom_model_data": 14082
  },
  "model": "item/fun/j082"
},
{
  "predicate": {
      "custom_model_data": 14087
  },
  "model": "item/fun/j087"
},
{
  "predicate": {
      "custom_model_data": 15001
  },
  "model": "item/fun/k001"
},
{
  "predicate": {
      "custom_model_data": 15002
  },
  "model": "item/fun/k002"
},
{
  "predicate": {
      "custom_model_data": 15003
  },
  "model": "item/fun/k003"
},
{
  "predicate": {
      "custom_model_data": 15004
  },
  "model": "item/fun/k004"
},
{
  "predicate": {
      "custom_model_data": 15005
  },
  "model": "item/fun/k005"
},
{
  "predicate": {
      "custom_model_data": 15006
  },
  "model": "item/fun/k006"
},
{
  "predicate": {
      "custom_model_data": 15007
  },
  "model": "item/fun/k007"
},
{
  "predicate": {
      "custom_model_data": 15008
  },
  "model": "item/fun/k008"
},
{
  "predicate": {
      "custom_model_data": 15009
  },
  "model": "item/fun/k009"
},
{
  "predicate": {
      "custom_model_data": 15010
  },
  "model": "item/fun/k010"
},
{
  "predicate": {
      "custom_model_data": 15011
  },
  "model": "item/fun/k011"
},
{
  "predicate": {
      "custom_model_data": 15012
  },
  "model": "item/fun/k012"
},
{
  "predicate": {
      "custom_model_data": 15013
  },
  "model": "item/fun/k013"
},
{
  "predicate": {
      "custom_model_data": 15014
  },
  "model": "item/fun/k014"
},
{
  "predicate": {
      "custom_model_data": 15015
  },
  "model": "item/fun/k015"
},
{
  "predicate": {
      "custom_model_data": 15016
  },
  "model": "item/fun/k016"
},
{
  "predicate": {
      "custom_model_data": 15017
  },
  "model": "item/fun/k017"
},
{
  "predicate": {
      "custom_model_data": 15018
  },
  "model": "item/fun/k018"
},
{
  "predicate": {
      "custom_model_data": 15019
  },
  "model": "item/fun/k019"
},
{
  "predicate": {
      "custom_model_data": 15020
  },
  "model": "item/fun/k020"
},
{
  "predicate": {
      "custom_model_data": 15021
  },
  "model": "item/fun/k021"
},
{
  "predicate": {
      "custom_model_data": 15022
  },
  "model": "item/fun/k022"
},
{
  "predicate": {
      "custom_model_data": 15023
  },
  "model": "item/fun/k023"
},
{
  "predicate": {
      "custom_model_data": 15024
  },
  "model": "item/fun/k024"
},
{
  "predicate": {
      "custom_model_data": 15025
  },
  "model": "item/fun/k025"
},
{
  "predicate": {
      "custom_model_data": 15026
  },
  "model": "item/fun/k026"
},
{
  "predicate": {
      "custom_model_data": 15027
  },
  "model": "item/fun/k027"
},
{
  "predicate": {
      "custom_model_data": 15028
  },
  "model": "item/fun/k028"
},
{
  "predicate": {
      "custom_model_data": 15029
  },
  "model": "item/fun/k029"
},
{
  "predicate": {
      "custom_model_data": 15030
  },
  "model": "item/fun/k030"
},
{
  "predicate": {
      "custom_model_data": 15031
  },
  "model": "item/fun/k031"
},
{
  "predicate": {
      "custom_model_data": 15032
  },
  "model": "item/fun/k032"
},
{
  "predicate": {
      "custom_model_data": 15033
  },
  "model": "item/fun/k033"
},
{
  "predicate": {
      "custom_model_data": 15034
  },
  "model": "item/fun/k034"
},
{
  "predicate": {
      "custom_model_data": 15035
  },
  "model": "item/fun/k035"
},
{
  "predicate": {
      "custom_model_data": 15036
  },
  "model": "item/fun/k036"
},
{
  "predicate": {
      "custom_model_data": 15037
  },
  "model": "item/fun/k037"
},
{
  "predicate": {
      "custom_model_data": 15038
  },
  "model": "item/fun/k038"
},
{
  "predicate": {
      "custom_model_data": 15039
  },
  "model": "item/fun/k039"
},
{
  "predicate": {
      "custom_model_data": 15040
  },
  "model": "item/fun/k040"
},
{
  "predicate": {
      "custom_model_data": 15041
  },
  "model": "item/fun/k041"
},
{
  "predicate": {
      "custom_model_data": 15042
  },
  "model": "item/fun/k042"
},
{
  "predicate": {
      "custom_model_data": 15043
  },
  "model": "item/fun/k043"
},
{
  "predicate": {
      "custom_model_data": 15044
  },
  "model": "item/fun/k044"
},
{
  "predicate": {
      "custom_model_data": 15045
  },
  "model": "item/fun/k045"
},
{
  "predicate": {
      "custom_model_data": 15046
  },
  "model": "item/fun/k046"
},
{
  "predicate": {
      "custom_model_data": 15047
  },
  "model": "item/fun/k047"
},
{
  "predicate": {
      "custom_model_data": 15048
  },
  "model": "item/fun/k048"
},
{
  "predicate": {
      "custom_model_data": 15049
  },
  "model": "item/fun/k049"
},
{
  "predicate": {
      "custom_model_data": 15050
  },
  "model": "item/fun/k050"
},
{
  "predicate": {
      "custom_model_data": 15051
  },
  "model": "item/fun/k051"
},
{
  "predicate": {
      "custom_model_data": 15052
  },
  "model": "item/fun/k052"
},
{
  "predicate": {
      "custom_model_data": 15053
  },
  "model": "item/fun/k053"
},
{
  "predicate": {
      "custom_model_data": 15054
  },
  "model": "item/fun/k054"
},
{
  "predicate": {
      "custom_model_data": 15055
  },
  "model": "item/fun/k055"
},
{
  "predicate": {
      "custom_model_data": 15056
  },
  "model": "item/fun/k056"
},
{
  "predicate": {
      "custom_model_data": 15057
  },
  "model": "item/fun/k057"
},
{
  "predicate": {
      "custom_model_data": 15058
  },
  "model": "item/fun/k058"
},
{
  "predicate": {
      "custom_model_data": 15059
  },
  "model": "item/fun/k059"
},
{
  "predicate": {
      "custom_model_data": 15060
  },
  "model": "item/fun/k060"
},
{
  "predicate": {
      "custom_model_data": 15061
  },
  "model": "item/fun/k061"
},
{
  "predicate": {
      "custom_model_data": 15062
  },
  "model": "item/fun/k062"
},
{
  "predicate": {
      "custom_model_data": 15063
  },
  "model": "item/fun/k063"
},
{
  "predicate": {
      "custom_model_data": 15064
  },
  "model": "item/fun/k064"
},
{
  "predicate": {
      "custom_model_data": 15065
  },
  "model": "item/fun/k065"
},
{
  "predicate": {
      "custom_model_data": 15066
  },
  "model": "item/fun/k066"
},
{
  "predicate": {
      "custom_model_data": 15067
  },
  "model": "item/fun/k067"
},
{
  "predicate": {
      "custom_model_data": 15068
  },
  "model": "item/fun/k068"
},
{
  "predicate": {
      "custom_model_data": 15069
  },
  "model": "item/fun/k069"
},
{
  "predicate": {
      "custom_model_data": 15070
  },
  "model": "item/fun/k070"
},
{
  "predicate": {
      "custom_model_data": 15071
  },
  "model": "item/fun/k071"
},
{
  "predicate": {
      "custom_model_data": 15072
  },
  "model": "item/fun/k072"
},
{
  "predicate": {
      "custom_model_data": 15073
  },
  "model": "item/fun/k073"
},
{
  "predicate": {
      "custom_model_data": 15074
  },
  "model": "item/fun/k074"
},
{
  "predicate": {
      "custom_model_data": 15075
  },
  "model": "item/fun/k075"
},
{
  "predicate": {
      "custom_model_data": 15076
  },
  "model": "item/fun/k076"
},
{
  "predicate": {
      "custom_model_data": 15077
  },
  "model": "item/fun/k077"
},
{
  "predicate": {
      "custom_model_data": 15078
  },
  "model": "item/fun/k078"
},
{
  "predicate": {
      "custom_model_data": 15079
  },
  "model": "item/fun/k079"
},
{
  "predicate": {
      "custom_model_data": 15080
  },
  "model": "item/fun/k080"
},
{
  "predicate": {
      "custom_model_data": 15081
  },
  "model": "item/fun/k081"
},
{
  "predicate": {
      "custom_model_data": 15082
  },
  "model": "item/fun/k082"
},
{
  "predicate": {
      "custom_model_data": 15087
  },
  "model": "item/fun/k087"
},
{
  "predicate": {
      "custom_model_data": 16001
  },
  "model": "item/fun/l001"
},
{
  "predicate": {
      "custom_model_data": 16002
  },
  "model": "item/fun/l002"
},
{
  "predicate": {
      "custom_model_data": 16003
  },
  "model": "item/fun/l003"
},
{
  "predicate": {
      "custom_model_data": 16004
  },
  "model": "item/fun/l004"
},
{
  "predicate": {
      "custom_model_data": 16005
  },
  "model": "item/fun/l005"
},
{
  "predicate": {
      "custom_model_data": 16006
  },
  "model": "item/fun/l006"
},
{
  "predicate": {
      "custom_model_data": 16007
  },
  "model": "item/fun/l007"
},
{
  "predicate": {
      "custom_model_data": 16008
  },
  "model": "item/fun/l008"
},
{
  "predicate": {
      "custom_model_data": 16009
  },
  "model": "item/fun/l009"
},
{
  "predicate": {
      "custom_model_data": 16010
  },
  "model": "item/fun/l010"
},
{
  "predicate": {
      "custom_model_data": 16011
  },
  "model": "item/fun/l011"
},
{
  "predicate": {
      "custom_model_data": 16012
  },
  "model": "item/fun/l012"
},
{
  "predicate": {
      "custom_model_data": 16013
  },
  "model": "item/fun/l013"
},
{
  "predicate": {
      "custom_model_data": 16014
  },
  "model": "item/fun/l014"
},
{
  "predicate": {
      "custom_model_data": 16015
  },
  "model": "item/fun/l015"
},
{
  "predicate": {
      "custom_model_data": 16016
  },
  "model": "item/fun/l016"
},
{
  "predicate": {
      "custom_model_data": 16017
  },
  "model": "item/fun/l017"
},
{
  "predicate": {
      "custom_model_data": 16018
  },
  "model": "item/fun/l018"
},
{
  "predicate": {
      "custom_model_data": 16019
  },
  "model": "item/fun/l019"
},
{
  "predicate": {
      "custom_model_data": 16020
  },
  "model": "item/fun/l020"
},
{
  "predicate": {
      "custom_model_data": 16021
  },
  "model": "item/fun/l021"
},
{
  "predicate": {
      "custom_model_data": 16022
  },
  "model": "item/fun/l022"
},
{
  "predicate": {
      "custom_model_data": 16023
  },
  "model": "item/fun/l023"
},
{
  "predicate": {
      "custom_model_data": 16024
  },
  "model": "item/fun/l024"
},
{
  "predicate": {
      "custom_model_data": 16025
  },
  "model": "item/fun/l025"
},
{
  "predicate": {
      "custom_model_data": 16026
  },
  "model": "item/fun/l026"
},
{
  "predicate": {
      "custom_model_data": 16027
  },
  "model": "item/fun/l027"
},
{
  "predicate": {
      "custom_model_data": 16028
  },
  "model": "item/fun/l028"
},
{
  "predicate": {
      "custom_model_data": 16029
  },
  "model": "item/fun/l029"
},
{
  "predicate": {
      "custom_model_data": 16030
  },
  "model": "item/fun/l030"
},
{
  "predicate": {
      "custom_model_data": 16031
  },
  "model": "item/fun/l031"
},
{
  "predicate": {
      "custom_model_data": 16032
  },
  "model": "item/fun/l032"
},
{
  "predicate": {
      "custom_model_data": 16033
  },
  "model": "item/fun/l033"
},
{
  "predicate": {
      "custom_model_data": 16034
  },
  "model": "item/fun/l034"
},
{
  "predicate": {
      "custom_model_data": 16035
  },
  "model": "item/fun/l035"
},
{
  "predicate": {
      "custom_model_data": 16036
  },
  "model": "item/fun/l036"
},
{
  "predicate": {
      "custom_model_data": 16037
  },
  "model": "item/fun/l037"
},
{
  "predicate": {
      "custom_model_data": 16038
  },
  "model": "item/fun/l038"
},
{
  "predicate": {
      "custom_model_data": 16039
  },
  "model": "item/fun/l039"
},
{
  "predicate": {
      "custom_model_data": 16040
  },
  "model": "item/fun/l040"
},
{
  "predicate": {
      "custom_model_data": 16041
  },
  "model": "item/fun/l041"
},
{
  "predicate": {
      "custom_model_data": 16042
  },
  "model": "item/fun/l042"
},
{
  "predicate": {
      "custom_model_data": 16043
  },
  "model": "item/fun/l043"
},
{
  "predicate": {
      "custom_model_data": 16044
  },
  "model": "item/fun/l044"
},
{
  "predicate": {
      "custom_model_data": 16045
  },
  "model": "item/fun/l045"
},
{
  "predicate": {
      "custom_model_data": 16046
  },
  "model": "item/fun/l046"
},
{
  "predicate": {
      "custom_model_data": 16047
  },
  "model": "item/fun/l047"
},
{
  "predicate": {
      "custom_model_data": 16048
  },
  "model": "item/fun/l048"
},
{
  "predicate": {
      "custom_model_data": 16049
  },
  "model": "item/fun/l049"
},
{
  "predicate": {
      "custom_model_data": 16050
  },
  "model": "item/fun/l050"
},
{
  "predicate": {
      "custom_model_data": 16051
  },
  "model": "item/fun/l051"
},
{
  "predicate": {
      "custom_model_data": 16052
  },
  "model": "item/fun/l052"
},
{
  "predicate": {
      "custom_model_data": 16053
  },
  "model": "item/fun/l053"
},
{
  "predicate": {
      "custom_model_data": 16054
  },
  "model": "item/fun/l054"
},
{
  "predicate": {
      "custom_model_data": 16055
  },
  "model": "item/fun/l055"
},
{
  "predicate": {
      "custom_model_data": 16056
  },
  "model": "item/fun/l056"
},
{
  "predicate": {
      "custom_model_data": 16057
  },
  "model": "item/fun/l057"
},
{
  "predicate": {
      "custom_model_data": 16058
  },
  "model": "item/fun/l058"
},
{
  "predicate": {
      "custom_model_data": 16059
  },
  "model": "item/fun/l059"
},
{
  "predicate": {
      "custom_model_data": 16060
  },
  "model": "item/fun/l060"
},
{
  "predicate": {
      "custom_model_data": 16061
  },
  "model": "item/fun/l061"
},
{
  "predicate": {
      "custom_model_data": 16062
  },
  "model": "item/fun/l062"
},
{
  "predicate": {
      "custom_model_data": 16063
  },
  "model": "item/fun/l063"
},
{
  "predicate": {
      "custom_model_data": 16064
  },
  "model": "item/fun/l064"
},
{
  "predicate": {
      "custom_model_data": 16065
  },
  "model": "item/fun/l065"
},
{
  "predicate": {
      "custom_model_data": 16066
  },
  "model": "item/fun/l066"
},
{
  "predicate": {
      "custom_model_data": 16067
  },
  "model": "item/fun/l067"
},
{
  "predicate": {
      "custom_model_data": 16068
  },
  "model": "item/fun/l068"
},
{
  "predicate": {
      "custom_model_data": 16069
  },
  "model": "item/fun/l069"
},
{
  "predicate": {
      "custom_model_data": 16070
  },
  "model": "item/fun/l070"
},
{
  "predicate": {
      "custom_model_data": 16071
  },
  "model": "item/fun/l071"
},
{
  "predicate": {
      "custom_model_data": 16072
  },
  "model": "item/fun/l072"
},
{
  "predicate": {
      "custom_model_data": 16073
  },
  "model": "item/fun/l073"
},
{
  "predicate": {
      "custom_model_data": 16074
  },
  "model": "item/fun/l074"
},
{
  "predicate": {
      "custom_model_data": 16075
  },
  "model": "item/fun/l075"
},
{
  "predicate": {
      "custom_model_data": 16076
  },
  "model": "item/fun/l076"
},
{
  "predicate": {
      "custom_model_data": 16077
  },
  "model": "item/fun/l077"
},
{
  "predicate": {
      "custom_model_data": 16078
  },
  "model": "item/fun/l078"
},
{
  "predicate": {
      "custom_model_data": 16079
  },
  "model": "item/fun/l079"
},
{
  "predicate": {
      "custom_model_data": 16080
  },
  "model": "item/fun/l080"
},
{
  "predicate": {
      "custom_model_data": 16081
  },
  "model": "item/fun/l081"
},
{
  "predicate": {
      "custom_model_data": 16082
  },
  "model": "item/fun/l082"
},
{
  "predicate": {
      "custom_model_data": 16087
  },
  "model": "item/fun/l087"
},
{
  "predicate": {
      "custom_model_data": 17001
  },
  "model": "item/fun/m001"
},
{
  "predicate": {
      "custom_model_data": 17002
  },
  "model": "item/fun/m002"
},
{
  "predicate": {
      "custom_model_data": 17003
  },
  "model": "item/fun/m003"
},
{
  "predicate": {
      "custom_model_data": 17004
  },
  "model": "item/fun/m004"
},
{
  "predicate": {
      "custom_model_data": 17005
  },
  "model": "item/fun/m005"
},
{
  "predicate": {
      "custom_model_data": 17006
  },
  "model": "item/fun/m006"
},
{
  "predicate": {
      "custom_model_data": 17007
  },
  "model": "item/fun/m007"
},
{
  "predicate": {
      "custom_model_data": 17008
  },
  "model": "item/fun/m008"
},
{
  "predicate": {
      "custom_model_data": 17009
  },
  "model": "item/fun/m009"
},
{
  "predicate": {
      "custom_model_data": 17010
  },
  "model": "item/fun/m010"
},
{
  "predicate": {
      "custom_model_data": 17011
  },
  "model": "item/fun/m011"
},
{
  "predicate": {
      "custom_model_data": 17012
  },
  "model": "item/fun/m012"
},
{
  "predicate": {
      "custom_model_data": 17013
  },
  "model": "item/fun/m013"
},
{
  "predicate": {
      "custom_model_data": 17014
  },
  "model": "item/fun/m014"
},
{
  "predicate": {
      "custom_model_data": 17015
  },
  "model": "item/fun/m015"
},
{
  "predicate": {
      "custom_model_data": 17016
  },
  "model": "item/fun/m016"
},
{
  "predicate": {
      "custom_model_data": 17017
  },
  "model": "item/fun/m017"
},
{
  "predicate": {
      "custom_model_data": 17018
  },
  "model": "item/fun/m018"
},
{
  "predicate": {
      "custom_model_data": 17019
  },
  "model": "item/fun/m019"
},
{
  "predicate": {
      "custom_model_data": 17020
  },
  "model": "item/fun/m020"
},
{
  "predicate": {
      "custom_model_data": 17021
  },
  "model": "item/fun/m021"
},
{
  "predicate": {
      "custom_model_data": 17022
  },
  "model": "item/fun/m022"
},
{
  "predicate": {
      "custom_model_data": 17023
  },
  "model": "item/fun/m023"
},
{
  "predicate": {
      "custom_model_data": 17024
  },
  "model": "item/fun/m024"
},
{
  "predicate": {
      "custom_model_data": 17025
  },
  "model": "item/fun/m025"
},
{
  "predicate": {
      "custom_model_data": 17026
  },
  "model": "item/fun/m026"
},
{
  "predicate": {
      "custom_model_data": 17027
  },
  "model": "item/fun/m027"
},
{
  "predicate": {
      "custom_model_data": 17028
  },
  "model": "item/fun/m028"
},
{
  "predicate": {
      "custom_model_data": 17029
  },
  "model": "item/fun/m029"
},
{
  "predicate": {
      "custom_model_data": 17030
  },
  "model": "item/fun/m030"
},
{
  "predicate": {
      "custom_model_data": 17031
  },
  "model": "item/fun/m031"
},
{
  "predicate": {
      "custom_model_data": 17032
  },
  "model": "item/fun/m032"
},
{
  "predicate": {
      "custom_model_data": 17033
  },
  "model": "item/fun/m033"
},
{
  "predicate": {
      "custom_model_data": 17034
  },
  "model": "item/fun/m034"
},
{
  "predicate": {
      "custom_model_data": 17035
  },
  "model": "item/fun/m035"
},
{
  "predicate": {
      "custom_model_data": 17036
  },
  "model": "item/fun/m036"
},
{
  "predicate": {
      "custom_model_data": 17037
  },
  "model": "item/fun/m037"
},
{
  "predicate": {
      "custom_model_data": 17038
  },
  "model": "item/fun/m038"
},
{
  "predicate": {
      "custom_model_data": 17039
  },
  "model": "item/fun/m039"
},
{
  "predicate": {
      "custom_model_data": 17040
  },
  "model": "item/fun/m040"
},
{
  "predicate": {
      "custom_model_data": 17041
  },
  "model": "item/fun/m041"
},
{
  "predicate": {
      "custom_model_data": 17042
  },
  "model": "item/fun/m042"
},
{
  "predicate": {
      "custom_model_data": 17043
  },
  "model": "item/fun/m043"
},
{
  "predicate": {
      "custom_model_data": 17044
  },
  "model": "item/fun/m044"
},
{
  "predicate": {
      "custom_model_data": 17045
  },
  "model": "item/fun/m045"
},
{
  "predicate": {
      "custom_model_data": 17046
  },
  "model": "item/fun/m046"
},
{
  "predicate": {
      "custom_model_data": 17047
  },
  "model": "item/fun/m047"
},
{
  "predicate": {
      "custom_model_data": 17048
  },
  "model": "item/fun/m048"
},
{
  "predicate": {
      "custom_model_data": 17049
  },
  "model": "item/fun/m049"
},
{
  "predicate": {
      "custom_model_data": 17050
  },
  "model": "item/fun/m050"
},
{
  "predicate": {
      "custom_model_data": 17051
  },
  "model": "item/fun/m051"
},
{
  "predicate": {
      "custom_model_data": 17052
  },
  "model": "item/fun/m052"
},
{
  "predicate": {
      "custom_model_data": 17053
  },
  "model": "item/fun/m053"
},
{
  "predicate": {
      "custom_model_data": 17054
  },
  "model": "item/fun/m054"
},
{
  "predicate": {
      "custom_model_data": 17055
  },
  "model": "item/fun/m055"
},
{
  "predicate": {
      "custom_model_data": 17056
  },
  "model": "item/fun/m056"
},
{
  "predicate": {
      "custom_model_data": 17057
  },
  "model": "item/fun/m057"
},
{
  "predicate": {
      "custom_model_data": 17058
  },
  "model": "item/fun/m058"
},
{
  "predicate": {
      "custom_model_data": 17059
  },
  "model": "item/fun/m059"
},
{
  "predicate": {
      "custom_model_data": 17060
  },
  "model": "item/fun/m060"
},
{
  "predicate": {
      "custom_model_data": 17061
  },
  "model": "item/fun/m061"
},
{
  "predicate": {
      "custom_model_data": 17062
  },
  "model": "item/fun/m062"
},
{
  "predicate": {
      "custom_model_data": 17063
  },
  "model": "item/fun/m063"
},
{
  "predicate": {
      "custom_model_data": 17064
  },
  "model": "item/fun/m064"
},
{
  "predicate": {
      "custom_model_data": 17065
  },
  "model": "item/fun/m065"
},
{
  "predicate": {
      "custom_model_data": 17066
  },
  "model": "item/fun/m066"
},
{
  "predicate": {
      "custom_model_data": 17067
  },
  "model": "item/fun/m067"
},
{
  "predicate": {
      "custom_model_data": 17068
  },
  "model": "item/fun/m068"
},
{
  "predicate": {
      "custom_model_data": 17069
  },
  "model": "item/fun/m069"
},
{
  "predicate": {
      "custom_model_data": 17070
  },
  "model": "item/fun/m070"
},
{
  "predicate": {
      "custom_model_data": 17071
  },
  "model": "item/fun/m071"
},
{
  "predicate": {
      "custom_model_data": 17072
  },
  "model": "item/fun/m072"
},
{
  "predicate": {
      "custom_model_data": 17073
  },
  "model": "item/fun/m073"
},
{
  "predicate": {
      "custom_model_data": 17074
  },
  "model": "item/fun/m074"
},
{
  "predicate": {
      "custom_model_data": 17075
  },
  "model": "item/fun/m075"
},
{
  "predicate": {
      "custom_model_data": 17076
  },
  "model": "item/fun/m076"
},
{
  "predicate": {
      "custom_model_data": 17077
  },
  "model": "item/fun/m077"
},
{
  "predicate": {
      "custom_model_data": 17078
  },
  "model": "item/fun/m078"
},
{
  "predicate": {
      "custom_model_data": 17079
  },
  "model": "item/fun/m079"
},
{
  "predicate": {
      "custom_model_data": 17080
  },
  "model": "item/fun/m080"
},
{
  "predicate": {
      "custom_model_data": 17081
  },
  "model": "item/fun/m081"
},
{
  "predicate": {
      "custom_model_data": 17082
  },
  "model": "item/fun/m082"
},
{
  "predicate": {
      "custom_model_data": 17087
  },
  "model": "item/fun/m087"
},
{
  "predicate": {
      "custom_model_data": 18001
  },
  "model": "item/fun/n001"
},
{
  "predicate": {
      "custom_model_data": 18002
  },
  "model": "item/fun/n002"
},
{
  "predicate": {
      "custom_model_data": 18003
  },
  "model": "item/fun/n003"
},
{
  "predicate": {
      "custom_model_data": 18004
  },
  "model": "item/fun/n004"
},
{
  "predicate": {
      "custom_model_data": 18005
  },
  "model": "item/fun/n005"
},
{
  "predicate": {
      "custom_model_data": 18006
  },
  "model": "item/fun/n006"
},
{
  "predicate": {
      "custom_model_data": 18007
  },
  "model": "item/fun/n007"
},
{
  "predicate": {
      "custom_model_data": 18008
  },
  "model": "item/fun/n008"
},
{
  "predicate": {
      "custom_model_data": 18009
  },
  "model": "item/fun/n009"
},
{
  "predicate": {
      "custom_model_data": 18010
  },
  "model": "item/fun/n010"
},
{
  "predicate": {
      "custom_model_data": 18011
  },
  "model": "item/fun/n011"
},
{
  "predicate": {
      "custom_model_data": 18012
  },
  "model": "item/fun/n012"
},
{
  "predicate": {
      "custom_model_data": 18013
  },
  "model": "item/fun/n013"
},
{
  "predicate": {
      "custom_model_data": 18014
  },
  "model": "item/fun/n014"
},
{
  "predicate": {
      "custom_model_data": 18015
  },
  "model": "item/fun/n015"
},
{
  "predicate": {
      "custom_model_data": 18016
  },
  "model": "item/fun/n016"
},
{
  "predicate": {
      "custom_model_data": 18017
  },
  "model": "item/fun/n017"
},
{
  "predicate": {
      "custom_model_data": 18018
  },
  "model": "item/fun/n018"
},
{
  "predicate": {
      "custom_model_data": 18019
  },
  "model": "item/fun/n019"
},
{
  "predicate": {
      "custom_model_data": 18020
  },
  "model": "item/fun/n020"
},
{
  "predicate": {
      "custom_model_data": 18021
  },
  "model": "item/fun/n021"
},
{
  "predicate": {
      "custom_model_data": 18022
  },
  "model": "item/fun/n022"
},
{
  "predicate": {
      "custom_model_data": 18023
  },
  "model": "item/fun/n023"
},
{
  "predicate": {
      "custom_model_data": 18024
  },
  "model": "item/fun/n024"
},
{
  "predicate": {
      "custom_model_data": 18025
  },
  "model": "item/fun/n025"
},
{
  "predicate": {
      "custom_model_data": 18026
  },
  "model": "item/fun/n026"
},
{
  "predicate": {
      "custom_model_data": 18027
  },
  "model": "item/fun/n027"
},
{
  "predicate": {
      "custom_model_data": 18028
  },
  "model": "item/fun/n028"
},
{
  "predicate": {
      "custom_model_data": 18029
  },
  "model": "item/fun/n029"
},
{
  "predicate": {
      "custom_model_data": 18030
  },
  "model": "item/fun/n030"
},
{
  "predicate": {
      "custom_model_data": 18031
  },
  "model": "item/fun/n031"
},
{
  "predicate": {
      "custom_model_data": 18032
  },
  "model": "item/fun/n032"
},
{
  "predicate": {
      "custom_model_data": 18033
  },
  "model": "item/fun/n033"
},
{
  "predicate": {
      "custom_model_data": 18034
  },
  "model": "item/fun/n034"
},
{
  "predicate": {
      "custom_model_data": 18035
  },
  "model": "item/fun/n035"
},
{
  "predicate": {
      "custom_model_data": 18036
  },
  "model": "item/fun/n036"
},
{
  "predicate": {
      "custom_model_data": 18037
  },
  "model": "item/fun/n037"
},
{
  "predicate": {
      "custom_model_data": 18038
  },
  "model": "item/fun/n038"
},
{
  "predicate": {
      "custom_model_data": 18039
  },
  "model": "item/fun/n039"
},
{
  "predicate": {
      "custom_model_data": 18040
  },
  "model": "item/fun/n040"
},
{
  "predicate": {
      "custom_model_data": 18041
  },
  "model": "item/fun/n041"
},
{
  "predicate": {
      "custom_model_data": 18042
  },
  "model": "item/fun/n042"
},
{
  "predicate": {
      "custom_model_data": 18043
  },
  "model": "item/fun/n043"
},
{
  "predicate": {
      "custom_model_data": 18044
  },
  "model": "item/fun/n044"
},
{
  "predicate": {
      "custom_model_data": 18045
  },
  "model": "item/fun/n045"
},
{
  "predicate": {
      "custom_model_data": 18046
  },
  "model": "item/fun/n046"
},
{
  "predicate": {
      "custom_model_data": 18047
  },
  "model": "item/fun/n047"
},
{
  "predicate": {
      "custom_model_data": 18048
  },
  "model": "item/fun/n048"
},
{
  "predicate": {
      "custom_model_data": 18049
  },
  "model": "item/fun/n049"
},
{
  "predicate": {
      "custom_model_data": 18050
  },
  "model": "item/fun/n050"
},
{
  "predicate": {
      "custom_model_data": 18051
  },
  "model": "item/fun/n051"
},
{
  "predicate": {
      "custom_model_data": 18052
  },
  "model": "item/fun/n052"
},
{
  "predicate": {
      "custom_model_data": 18053
  },
  "model": "item/fun/n053"
},
{
  "predicate": {
      "custom_model_data": 18054
  },
  "model": "item/fun/n054"
},
{
  "predicate": {
      "custom_model_data": 18055
  },
  "model": "item/fun/n055"
},
{
  "predicate": {
      "custom_model_data": 18056
  },
  "model": "item/fun/n056"
},
{
  "predicate": {
      "custom_model_data": 18057
  },
  "model": "item/fun/n057"
},
{
  "predicate": {
      "custom_model_data": 18058
  },
  "model": "item/fun/n058"
},
{
  "predicate": {
      "custom_model_data": 18059
  },
  "model": "item/fun/n059"
},
{
  "predicate": {
      "custom_model_data": 18060
  },
  "model": "item/fun/n060"
},
{
  "predicate": {
      "custom_model_data": 18061
  },
  "model": "item/fun/n061"
},
{
  "predicate": {
      "custom_model_data": 18062
  },
  "model": "item/fun/n062"
},
{
  "predicate": {
      "custom_model_data": 18063
  },
  "model": "item/fun/n063"
},
{
  "predicate": {
      "custom_model_data": 18064
  },
  "model": "item/fun/n064"
},
{
  "predicate": {
      "custom_model_data": 18065
  },
  "model": "item/fun/n065"
},
{
  "predicate": {
      "custom_model_data": 18066
  },
  "model": "item/fun/n066"
},
{
  "predicate": {
      "custom_model_data": 18067
  },
  "model": "item/fun/n067"
},
{
  "predicate": {
      "custom_model_data": 18068
  },
  "model": "item/fun/n068"
},
{
  "predicate": {
      "custom_model_data": 18069
  },
  "model": "item/fun/n069"
},
{
  "predicate": {
      "custom_model_data": 18070
  },
  "model": "item/fun/n070"
},
{
  "predicate": {
      "custom_model_data": 18071
  },
  "model": "item/fun/n071"
},
{
  "predicate": {
      "custom_model_data": 18072
  },
  "model": "item/fun/n072"
},
{
  "predicate": {
      "custom_model_data": 18073
  },
  "model": "item/fun/n073"
},
{
  "predicate": {
      "custom_model_data": 18074
  },
  "model": "item/fun/n074"
},
{
  "predicate": {
      "custom_model_data": 18075
  },
  "model": "item/fun/n075"
},
{
  "predicate": {
      "custom_model_data": 18076
  },
  "model": "item/fun/n076"
},
{
  "predicate": {
      "custom_model_data": 18077
  },
  "model": "item/fun/n077"
},
{
  "predicate": {
      "custom_model_data": 18078
  },
  "model": "item/fun/n078"
},
{
  "predicate": {
      "custom_model_data": 18079
  },
  "model": "item/fun/n079"
},
{
  "predicate": {
      "custom_model_data": 18080
  },
  "model": "item/fun/n080"
},
{
  "predicate": {
      "custom_model_data": 18081
  },
  "model": "item/fun/n081"
},
{
  "predicate": {
      "custom_model_data": 18082
  },
  "model": "item/fun/n082"
},
{
  "predicate": {
      "custom_model_data": 18087
  },
  "model": "item/fun/n087"
},
{
  "predicate": {
      "custom_model_data": 19001
  },
  "model": "item/fun/o001"
},
{
  "predicate": {
      "custom_model_data": 19002
  },
  "model": "item/fun/o002"
},
{
  "predicate": {
      "custom_model_data": 19003
  },
  "model": "item/fun/o003"
},
{
  "predicate": {
      "custom_model_data": 19004
  },
  "model": "item/fun/o004"
},
{
  "predicate": {
      "custom_model_data": 19005
  },
  "model": "item/fun/o005"
},
{
  "predicate": {
      "custom_model_data": 19006
  },
  "model": "item/fun/o006"
},
{
  "predicate": {
      "custom_model_data": 19007
  },
  "model": "item/fun/o007"
},
{
  "predicate": {
      "custom_model_data": 19008
  },
  "model": "item/fun/o008"
},
{
  "predicate": {
      "custom_model_data": 19009
  },
  "model": "item/fun/o009"
},
{
  "predicate": {
      "custom_model_data": 19010
  },
  "model": "item/fun/o010"
},
{
  "predicate": {
      "custom_model_data": 19011
  },
  "model": "item/fun/o011"
},
{
  "predicate": {
      "custom_model_data": 19012
  },
  "model": "item/fun/o012"
},
{
  "predicate": {
      "custom_model_data": 19013
  },
  "model": "item/fun/o013"
},
{
  "predicate": {
      "custom_model_data": 19014
  },
  "model": "item/fun/o014"
},
{
  "predicate": {
      "custom_model_data": 19015
  },
  "model": "item/fun/o015"
},
{
  "predicate": {
      "custom_model_data": 19016
  },
  "model": "item/fun/o016"
},
{
  "predicate": {
      "custom_model_data": 19017
  },
  "model": "item/fun/o017"
},
{
  "predicate": {
      "custom_model_data": 19018
  },
  "model": "item/fun/o018"
},
{
  "predicate": {
      "custom_model_data": 19019
  },
  "model": "item/fun/o019"
},
{
  "predicate": {
      "custom_model_data": 19020
  },
  "model": "item/fun/o020"
},
{
  "predicate": {
      "custom_model_data": 19021
  },
  "model": "item/fun/o021"
},
{
  "predicate": {
      "custom_model_data": 19022
  },
  "model": "item/fun/o022"
},
{
  "predicate": {
      "custom_model_data": 19023
  },
  "model": "item/fun/o023"
},
{
  "predicate": {
      "custom_model_data": 19024
  },
  "model": "item/fun/o024"
},
{
  "predicate": {
      "custom_model_data": 19025
  },
  "model": "item/fun/o025"
},
{
  "predicate": {
      "custom_model_data": 19026
  },
  "model": "item/fun/o026"
},
{
  "predicate": {
      "custom_model_data": 19027
  },
  "model": "item/fun/o027"
},
{
  "predicate": {
      "custom_model_data": 19028
  },
  "model": "item/fun/o028"
},
{
  "predicate": {
      "custom_model_data": 19029
  },
  "model": "item/fun/o029"
},
{
  "predicate": {
      "custom_model_data": 19030
  },
  "model": "item/fun/o030"
},
{
  "predicate": {
      "custom_model_data": 19031
  },
  "model": "item/fun/o031"
},
{
  "predicate": {
      "custom_model_data": 19032
  },
  "model": "item/fun/o032"
},
{
  "predicate": {
      "custom_model_data": 19033
  },
  "model": "item/fun/o033"
},
{
  "predicate": {
      "custom_model_data": 19034
  },
  "model": "item/fun/o034"
},
{
  "predicate": {
      "custom_model_data": 19035
  },
  "model": "item/fun/o035"
},
{
  "predicate": {
      "custom_model_data": 19036
  },
  "model": "item/fun/o036"
},
{
  "predicate": {
      "custom_model_data": 19037
  },
  "model": "item/fun/o037"
},
{
  "predicate": {
      "custom_model_data": 19038
  },
  "model": "item/fun/o038"
},
{
  "predicate": {
      "custom_model_data": 19039
  },
  "model": "item/fun/o039"
},
{
  "predicate": {
      "custom_model_data": 19040
  },
  "model": "item/fun/o040"
},
{
  "predicate": {
      "custom_model_data": 19041
  },
  "model": "item/fun/o041"
},
{
  "predicate": {
      "custom_model_data": 19042
  },
  "model": "item/fun/o042"
},
{
  "predicate": {
      "custom_model_data": 19043
  },
  "model": "item/fun/o043"
},
{
  "predicate": {
      "custom_model_data": 19044
  },
  "model": "item/fun/o044"
},
{
  "predicate": {
      "custom_model_data": 19045
  },
  "model": "item/fun/o045"
},
{
  "predicate": {
      "custom_model_data": 19046
  },
  "model": "item/fun/o046"
},
{
  "predicate": {
      "custom_model_data": 19047
  },
  "model": "item/fun/o047"
},
{
  "predicate": {
      "custom_model_data": 19048
  },
  "model": "item/fun/o048"
},
{
  "predicate": {
      "custom_model_data": 19049
  },
  "model": "item/fun/o049"
},
{
  "predicate": {
      "custom_model_data": 19050
  },
  "model": "item/fun/o050"
},
{
  "predicate": {
      "custom_model_data": 19051
  },
  "model": "item/fun/o051"
},
{
  "predicate": {
      "custom_model_data": 19052
  },
  "model": "item/fun/o052"
},
{
  "predicate": {
      "custom_model_data": 19053
  },
  "model": "item/fun/o053"
},
{
  "predicate": {
      "custom_model_data": 19054
  },
  "model": "item/fun/o054"
},
{
  "predicate": {
      "custom_model_data": 19055
  },
  "model": "item/fun/o055"
},
{
  "predicate": {
      "custom_model_data": 19056
  },
  "model": "item/fun/o056"
},
{
  "predicate": {
      "custom_model_data": 19057
  },
  "model": "item/fun/o057"
},
{
  "predicate": {
      "custom_model_data": 19058
  },
  "model": "item/fun/o058"
},
{
  "predicate": {
      "custom_model_data": 19059
  },
  "model": "item/fun/o059"
},
{
  "predicate": {
      "custom_model_data": 19060
  },
  "model": "item/fun/o060"
},
{
  "predicate": {
      "custom_model_data": 19061
  },
  "model": "item/fun/o061"
},
{
  "predicate": {
      "custom_model_data": 19062
  },
  "model": "item/fun/o062"
},
{
  "predicate": {
      "custom_model_data": 19063
  },
  "model": "item/fun/o063"
},
{
  "predicate": {
      "custom_model_data": 19064
  },
  "model": "item/fun/o064"
},
{
  "predicate": {
      "custom_model_data": 19065
  },
  "model": "item/fun/o065"
},
{
  "predicate": {
      "custom_model_data": 19066
  },
  "model": "item/fun/o066"
},
{
  "predicate": {
      "custom_model_data": 19067
  },
  "model": "item/fun/o067"
},
{
  "predicate": {
      "custom_model_data": 19068
  },
  "model": "item/fun/o068"
},
{
  "predicate": {
      "custom_model_data": 19069
  },
  "model": "item/fun/o069"
},
{
  "predicate": {
      "custom_model_data": 19070
  },
  "model": "item/fun/o070"
},
{
  "predicate": {
      "custom_model_data": 19071
  },
  "model": "item/fun/o071"
},
{
  "predicate": {
      "custom_model_data": 19072
  },
  "model": "item/fun/o072"
},
{
  "predicate": {
      "custom_model_data": 19073
  },
  "model": "item/fun/o073"
},
{
  "predicate": {
      "custom_model_data": 19074
  },
  "model": "item/fun/o074"
},
{
  "predicate": {
      "custom_model_data": 19075
  },
  "model": "item/fun/o075"
},
{
  "predicate": {
      "custom_model_data": 19076
  },
  "model": "item/fun/o076"
},
{
  "predicate": {
      "custom_model_data": 19077
  },
  "model": "item/fun/o077"
},
{
  "predicate": {
      "custom_model_data": 19078
  },
  "model": "item/fun/o078"
},
{
  "predicate": {
      "custom_model_data": 19079
  },
  "model": "item/fun/o079"
},
{
  "predicate": {
      "custom_model_data": 19080
  },
  "model": "item/fun/o080"
},
{
  "predicate": {
      "custom_model_data": 19081
  },
  "model": "item/fun/o081"
},
{
  "predicate": {
      "custom_model_data": 19082
  },
  "model": "item/fun/o082"
},
{
  "predicate": {
      "custom_model_data": 19087
  },
  "model": "item/fun/o087"
},
{
  "predicate": {
      "custom_model_data": 20001
  },
  "model": "item/fun/p001"
},
{
  "predicate": {
      "custom_model_data": 20002
  },
  "model": "item/fun/p002"
},
{
  "predicate": {
      "custom_model_data": 20003
  },
  "model": "item/fun/p003"
},
{
  "predicate": {
      "custom_model_data": 20004
  },
  "model": "item/fun/p004"
},
{
  "predicate": {
      "custom_model_data": 20005
  },
  "model": "item/fun/p005"
},
{
  "predicate": {
      "custom_model_data": 20006
  },
  "model": "item/fun/p006"
},
{
  "predicate": {
      "custom_model_data": 20007
  },
  "model": "item/fun/p007"
},
{
  "predicate": {
      "custom_model_data": 20008
  },
  "model": "item/fun/p008"
},
{
  "predicate": {
      "custom_model_data": 20009
  },
  "model": "item/fun/p009"
},
{
  "predicate": {
      "custom_model_data": 20010
  },
  "model": "item/fun/p010"
},
{
  "predicate": {
      "custom_model_data": 20011
  },
  "model": "item/fun/p011"
},
{
  "predicate": {
      "custom_model_data": 20012
  },
  "model": "item/fun/p012"
},
{
  "predicate": {
      "custom_model_data": 20013
  },
  "model": "item/fun/p013"
},
{
  "predicate": {
      "custom_model_data": 20014
  },
  "model": "item/fun/p014"
},
{
  "predicate": {
      "custom_model_data": 20015
  },
  "model": "item/fun/p015"
},
{
  "predicate": {
      "custom_model_data": 20016
  },
  "model": "item/fun/p016"
},
{
  "predicate": {
      "custom_model_data": 20017
  },
  "model": "item/fun/p017"
},
{
  "predicate": {
      "custom_model_data": 20018
  },
  "model": "item/fun/p018"
},
{
  "predicate": {
      "custom_model_data": 20019
  },
  "model": "item/fun/p019"
},
{
  "predicate": {
      "custom_model_data": 20020
  },
  "model": "item/fun/p020"
},
{
  "predicate": {
      "custom_model_data": 20021
  },
  "model": "item/fun/p021"
},
{
  "predicate": {
      "custom_model_data": 20022
  },
  "model": "item/fun/p022"
},
{
  "predicate": {
      "custom_model_data": 20023
  },
  "model": "item/fun/p023"
},
{
  "predicate": {
      "custom_model_data": 20024
  },
  "model": "item/fun/p024"
},
{
  "predicate": {
      "custom_model_data": 20025
  },
  "model": "item/fun/p025"
},
{
  "predicate": {
      "custom_model_data": 20026
  },
  "model": "item/fun/p026"
},
{
  "predicate": {
      "custom_model_data": 20027
  },
  "model": "item/fun/p027"
},
{
  "predicate": {
      "custom_model_data": 20028
  },
  "model": "item/fun/p028"
},
{
  "predicate": {
      "custom_model_data": 20029
  },
  "model": "item/fun/p029"
},
{
  "predicate": {
      "custom_model_data": 20030
  },
  "model": "item/fun/p030"
},
{
  "predicate": {
      "custom_model_data": 20031
  },
  "model": "item/fun/p031"
},
{
  "predicate": {
      "custom_model_data": 20032
  },
  "model": "item/fun/p032"
},
{
  "predicate": {
      "custom_model_data": 20033
  },
  "model": "item/fun/p033"
},
{
  "predicate": {
      "custom_model_data": 20034
  },
  "model": "item/fun/p034"
},
{
  "predicate": {
      "custom_model_data": 20035
  },
  "model": "item/fun/p035"
},
{
  "predicate": {
      "custom_model_data": 20036
  },
  "model": "item/fun/p036"
},
{
  "predicate": {
      "custom_model_data": 20037
  },
  "model": "item/fun/p037"
},
{
  "predicate": {
      "custom_model_data": 20038
  },
  "model": "item/fun/p038"
},
{
  "predicate": {
      "custom_model_data": 20039
  },
  "model": "item/fun/p039"
},
{
  "predicate": {
      "custom_model_data": 20040
  },
  "model": "item/fun/p040"
},
{
  "predicate": {
      "custom_model_data": 20041
  },
  "model": "item/fun/p041"
},
{
  "predicate": {
      "custom_model_data": 20042
  },
  "model": "item/fun/p042"
},
{
  "predicate": {
      "custom_model_data": 20043
  },
  "model": "item/fun/p043"
},
{
  "predicate": {
      "custom_model_data": 20044
  },
  "model": "item/fun/p044"
},
{
  "predicate": {
      "custom_model_data": 20045
  },
  "model": "item/fun/p045"
},
{
  "predicate": {
      "custom_model_data": 20046
  },
  "model": "item/fun/p046"
},
{
  "predicate": {
      "custom_model_data": 20047
  },
  "model": "item/fun/p047"
},
{
  "predicate": {
      "custom_model_data": 20048
  },
  "model": "item/fun/p048"
},
{
  "predicate": {
      "custom_model_data": 20049
  },
  "model": "item/fun/p049"
},
{
  "predicate": {
      "custom_model_data": 20050
  },
  "model": "item/fun/p050"
},
{
  "predicate": {
      "custom_model_data": 20051
  },
  "model": "item/fun/p051"
},
{
  "predicate": {
      "custom_model_data": 20052
  },
  "model": "item/fun/p052"
},
{
  "predicate": {
      "custom_model_data": 20053
  },
  "model": "item/fun/p053"
},
{
  "predicate": {
      "custom_model_data": 20054
  },
  "model": "item/fun/p054"
},
{
  "predicate": {
      "custom_model_data": 20055
  },
  "model": "item/fun/p055"
},
{
  "predicate": {
      "custom_model_data": 20056
  },
  "model": "item/fun/p056"
},
{
  "predicate": {
      "custom_model_data": 20057
  },
  "model": "item/fun/p057"
},
{
  "predicate": {
      "custom_model_data": 20058
  },
  "model": "item/fun/p058"
},
{
  "predicate": {
      "custom_model_data": 20059
  },
  "model": "item/fun/p059"
},
{
  "predicate": {
      "custom_model_data": 20060
  },
  "model": "item/fun/p060"
},
{
  "predicate": {
      "custom_model_data": 20061
  },
  "model": "item/fun/p061"
},
{
  "predicate": {
      "custom_model_data": 20062
  },
  "model": "item/fun/p062"
},
{
  "predicate": {
      "custom_model_data": 20063
  },
  "model": "item/fun/p063"
},
{
  "predicate": {
      "custom_model_data": 20064
  },
  "model": "item/fun/p064"
},
{
  "predicate": {
      "custom_model_data": 20065
  },
  "model": "item/fun/p065"
},
{
  "predicate": {
      "custom_model_data": 20066
  },
  "model": "item/fun/p066"
},
{
  "predicate": {
      "custom_model_data": 20067
  },
  "model": "item/fun/p067"
},
{
  "predicate": {
      "custom_model_data": 20068
  },
  "model": "item/fun/p068"
},
{
  "predicate": {
      "custom_model_data": 20069
  },
  "model": "item/fun/p069"
},
{
  "predicate": {
      "custom_model_data": 20070
  },
  "model": "item/fun/p070"
},
{
  "predicate": {
      "custom_model_data": 20071
  },
  "model": "item/fun/p071"
},
{
  "predicate": {
      "custom_model_data": 20072
  },
  "model": "item/fun/p072"
},
{
  "predicate": {
      "custom_model_data": 20073
  },
  "model": "item/fun/p073"
},
{
  "predicate": {
      "custom_model_data": 20074
  },
  "model": "item/fun/p074"
},
{
  "predicate": {
      "custom_model_data": 20075
  },
  "model": "item/fun/p075"
},
{
  "predicate": {
      "custom_model_data": 20076
  },
  "model": "item/fun/p076"
},
{
  "predicate": {
      "custom_model_data": 20077
  },
  "model": "item/fun/p077"
},
{
  "predicate": {
      "custom_model_data": 20078
  },
  "model": "item/fun/p078"
},
{
  "predicate": {
      "custom_model_data": 20079
  },
  "model": "item/fun/p079"
},
{
  "predicate": {
      "custom_model_data": 20080
  },
  "model": "item/fun/p080"
},
{
  "predicate": {
      "custom_model_data": 20081
  },
  "model": "item/fun/p081"
},
{
  "predicate": {
      "custom_model_data": 20082
  },
  "model": "item/fun/p082"
},
{
  "predicate": {
      "custom_model_data": 20087
  },
  "model": "item/fun/p087"
}
  ]
}
