{
	"credit": "Made with Blockbench",
	"texture_size": [64, 64],
	"textures": {
		"1": "block/f001"
	},
	"elements": [
		{
			"from": [0, 0, 0],
			"to": [16, 3, 16],
			"faces": {
				"north": {"uv": [2, 0, 6, 0.75], "texture": "#1"},
				"east": {"uv": [2, 0, 6, 0.75], "texture": "#1"},
				"south": {"uv": [2, 0, 6, 0.75], "texture": "#1"},
				"west": {"uv": [2, 0, 6, 0.75], "texture": "#1"},
				"up": {"uv": [2, 1.25, 6, 5.25], "texture": "#1"},
				"down": {"uv": [2, 5.25, 6, 9.25], "texture": "#1"}
			}
		},
		{
			"from": [0.25, 11, 0.25],
			"to": [15.75, 16, 15.75],
			"faces": {
				"north": {"uv": [2, 0, 6, 1.25], "texture": "#1"},
				"east": {"uv": [2, 0, 6, 1.25], "texture": "#1"},
				"south": {"uv": [2, 0, 6, 1.25], "texture": "#1"},
				"west": {"uv": [2, 0, 6, 1.25], "texture": "#1"},
				"up": {"uv": [2, 1.25, 6, 5.25], "texture": "#1"},
				"down": {"uv": [2, 1.25, 6, 5.25], "texture": "#1"}
			}
		},
		{
			"from": [0, 10.75, 0],
			"to": [16, 16.25, 16],
			"faces": {
				"north": {"uv": [6, 4, 10, 5.25], "texture": "#1", "tintindex": 1},
				"east": {"uv": [6, 4, 10, 5.25], "texture": "#1", "tintindex": 1},
				"south": {"uv": [6, 4, 10, 5.25], "texture": "#1", "tintindex": 1},
				"west": {"uv": [6, 4, 10, 5.25], "texture": "#1", "tintindex": 1},
				"up": {"uv": [6, 0, 10, 4], "texture": "#1", "tintindex": 1},
				"down": {"uv": [6, 0, 10, 4], "texture": "#1", "tintindex": 1}
			}
		},
		{
			"from": [4, 6, 0],
			"to": [12, 16.25, 16],
			"faces": {
				"north": {"uv": [12, 4, 14, 6.5], "texture": "#1", "tintindex": 1},
				"south": {"uv": [14, 4, 12, 6.5], "texture": "#1", "tintindex": 1},
				"up": {"uv": [12, 0, 14, 4], "texture": "#1", "tintindex": 1}
			}
		},
		{
			"from": [4, 6, 0],
			"to": [12, 16.25, 16],
			"faces": {
				"north": {"uv": [10, 4, 12, 6.5], "texture": "#1"},
				"south": {"uv": [12, 4, 10, 6.5], "texture": "#1"},
				"up": {"uv": [10, 0, 12, 4], "texture": "#1"}
			}
		},
		{
			"from": [12, 6, 0],
			"to": [4, 16.25, 16],
			"faces": {
				"north": {"uv": [14, 4, 12, 6.5], "texture": "#1", "tintindex": 1},
				"south": {"uv": [12, 4, 14, 6.5], "texture": "#1", "tintindex": 1},
				"up": {"uv": [12, 0, 14, 4], "texture": "#1", "tintindex": 1}
			}
		},
		{
			"from": [12, 6, 0],
			"to": [4, 16.25, 16],
			"faces": {
				"north": {"uv": [12, 4, 10, 6.5], "texture": "#1"},
				"south": {"uv": [10, 4, 12, 6.5], "texture": "#1"},
				"up": {"uv": [10, 0, 12, 4], "texture": "#1"}
			}
		},
		{
			"from": [4, 3, 4],
			"to": [12, 7, 12],
			"faces": {
				"north": {"uv": [0, 1, 2, 2], "texture": "#1", "tintindex": 1},
				"east": {"uv": [0, 1, 2, 2], "texture": "#1", "tintindex": 1},
				"south": {"uv": [0, 1, 2, 2], "texture": "#1", "tintindex": 1},
				"west": {"uv": [0, 1, 2, 2], "texture": "#1", "tintindex": 1},
				"up": {"uv": [0, 0, 2, 2], "texture": "#1", "tintindex": 1}
			}
		},
		{
			"from": [5, 7, 5],
			"to": [11, 11, 11],
			"faces": {
				"north": {"uv": [0.25, 0, 1.75, 1], "texture": "#1", "tintindex": 1},
				"east": {"uv": [0.25, 0, 1.75, 1], "texture": "#1", "tintindex": 1},
				"south": {"uv": [0.25, 0, 1.75, 1], "texture": "#1", "tintindex": 1},
				"west": {"uv": [0.25, 0, 1.75, 1], "texture": "#1", "tintindex": 1}
			}
		}
	],
	"display": {
		"thirdperson_righthand": {
			"rotation": [75, 45, 0],
			"translation": [0, 2.5, 0],
			"scale": [0.375, 0.375, 0.375]
		},
		"thirdperson_lefthand": {
			"rotation": [75, 45, 0],
			"translation": [0, 2.5, 0],
			"scale": [0.375, 0.375, 0.375]
		},
		"firstperson_righthand": {
			"rotation": [0, 45, 0],
			"scale": [0.4, 0.4, 0.4]
		},
		"firstperson_lefthand": {
			"rotation": [0, 225, 0],
			"scale": [0.4, 0.4, 0.4]
		},
		"ground": {
			"translation": [0, 3, 0],
			"scale": [0.25, 0.25, 0.25]
		},
		"gui": {
			"rotation": [30, 225, 0],
			"scale": [0.625, 0.625, 0.625]
		},
		"head": {
			"translation": [0, 15.25, 0]
		},
		"fixed": {
			"rotation": [-90, 0, 0],
			"translation": [0, 0, -16],
			"scale": [2, 2, 2]
		}
	}
}