{
	"credit": "Made with Blockbench",
	"texture_size": [32, 32],
	"textures": {
		"1": "block/f086"
	},
	"elements": [
		{
			"from": [5, 4, 14],
			"to": [11, 10, 16],
			"rotation": {"angle": 0, "axis": "y", "origin": [7, 5, 14]},
			"faces": {
				"north": {"uv": [4, 0, 7, 3], "texture": "#1", "tintindex": 1},
				"east": {"uv": [4, 9, 5, 12], "texture": "#1", "tintindex": 1},
				"south": {"uv": [4, 3, 7, 6], "texture": "#1", "tintindex": 1},
				"west": {"uv": [5, 9, 6, 12], "texture": "#1", "tintindex": 1},
				"up": {"uv": [12, 5, 9, 4], "texture": "#1", "tintindex": 1},
				"down": {"uv": [12, 5, 9, 6], "texture": "#1", "tintindex": 1}
			}
		},
		{
			"from": [6, 5, 11],
			"to": [10, 9, 14],
			"rotation": {"angle": 0, "axis": "y", "origin": [7, 5, 14]},
			"faces": {
				"north": {"uv": [0, 8, 2, 10], "texture": "#1"},
				"east": {"uv": [6, 9, 7.5, 11], "texture": "#1"},
				"south": {"uv": [2, 8, 4, 10], "texture": "#1"},
				"west": {"uv": [0, 10, 1.5, 12], "texture": "#1"},
				"up": {"uv": [3.5, 11.5, 1.5, 10], "texture": "#1"},
				"down": {"uv": [12, 6, 10, 7.5], "texture": "#1"}
			}
		},
		{
			"from": [6, 2, 7],
			"to": [10, 5, 11],
			"rotation": {"angle": 0, "axis": "x", "origin": [7, 5, 11]},
			"faces": {
				"north": {"uv": [7.5, 10, 9.5, 11.5], "texture": "#1"},
				"east": {"uv": [10, 7.5, 12, 9], "texture": "#1"},
				"south": {"uv": [10, 9, 12, 10.5], "texture": "#1"},
				"west": {"uv": [9.5, 10.5, 11.5, 12], "texture": "#1"},
				"up": {"uv": [10, 8, 8, 6], "texture": "#1"},
				"down": {"uv": [10, 8, 8, 10], "texture": "#1"}
			}
		},
		{
			"from": [7, 7.725, 8.55],
			"to": [9, 9.725, 11.525],
			"rotation": {"angle": 45, "axis": "x", "origin": [7, 10.725, 8.525]},
			"faces": {
				"north": {"uv": [7.5, 11.5, 8.5, 12.5], "texture": "#1"},
				"east": {"uv": [11, 3, 12.5, 4], "texture": "#1"},
				"south": {"uv": [8.5, 11.5, 9.5, 12.5], "texture": "#1"},
				"west": {"uv": [6, 11, 7.5, 12], "texture": "#1"},
				"up": {"uv": [2.5, 13, 1.5, 11.5], "texture": "#1"},
				"down": {"uv": [3.5, 11.5, 2.5, 13], "texture": "#1"}
			}
		},
		{
			"from": [4, 4.725, 8.525],
			"to": [12, 12.725, 8.525],
			"rotation": {"angle": 45, "axis": "x", "origin": [7, 10.725, 8.525]},
			"faces": {
				"north": {"uv": [0, 0, 4, 4], "texture": "#1", "tintindex": 1},
				"east": {"uv": [0, 0, 0, 4], "texture": "#1", "tintindex": 1},
				"south": {"uv": [4, 0, 0, 4], "texture": "#1", "tintindex": 1},
				"west": {"uv": [0, 0, 0, 4], "texture": "#1", "tintindex": 1},
				"up": {"uv": [4, 0, 0, 0], "texture": "#1", "tintindex": 1},
				"down": {"uv": [4, 0, 0, 0], "texture": "#1", "tintindex": 1}
			}
		},
		{
			"from": [6.5, 7.225, 10.525],
			"to": [9.5, 10.225, 11.525],
			"rotation": {"angle": 45, "axis": "x", "origin": [7, 10.725, 8.525]},
			"faces": {
				"north": {"uv": [11, 0, 12.5, 1.5], "texture": "#1", "tintindex": 1},
				"east": {"uv": [3.5, 10, 4, 11.5], "texture": "#1", "tintindex": 1},
				"south": {"uv": [11, 1.5, 12.5, 3], "texture": "#1", "tintindex": 1},
				"west": {"uv": [3.5, 11.5, 4, 13], "texture": "#1", "tintindex": 1},
				"up": {"uv": [13, 11, 11.5, 10.5], "texture": "#1", "tintindex": 1},
				"down": {"uv": [13, 11, 11.5, 11.5], "texture": "#1", "tintindex": 1}
			}
		},
		{
			"from": [6.025, 2.175, 8.175],
			"to": [9.975, 7.825, 11.675],
			"rotation": {"angle": 45, "axis": "x", "origin": [7, 5, 11]},
			"faces": {
				"north": {"uv": [4, 6, 6, 9], "texture": "#1"},
				"east": {"uv": [6, 6, 8, 9], "texture": "#1"},
				"south": {"uv": [7, 0, 9, 3], "texture": "#1"},
				"west": {"uv": [7, 3, 9, 6], "texture": "#1"},
				"up": {"uv": [11, 2, 9, 0], "texture": "#1"},
				"down": {"uv": [11, 2, 9, 4], "texture": "#1"}
			}
		}
	],
	"display": {
		"thirdperson_righthand": {
			"rotation": [75, 45, 0],
			"translation": [0, 2.5, 0],
			"scale": [0.375, 0.375, 0.375]
		},
		"thirdperson_lefthand": {
			"rotation": [75, 45, 0],
			"translation": [0, 2.5, 0],
			"scale": [0.375, 0.375, 0.375]
		},
		"firstperson_righthand": {
			"rotation": [0, 45, 0],
			"translation": [0, 3.75, 0],
			"scale": [0.4, 0.4, 0.4]
		},
		"firstperson_lefthand": {
			"rotation": [0, 225, 0],
			"scale": [0.4, 0.4, 0.4]
		},
		"ground": {
			"translation": [0, 3, 0],
			"scale": [0.25, 0.25, 0.25]
		},
		"gui": {
			"rotation": [30, 225, 0],
			"scale": [0.625, 0.625, 0.625]
		},
		"head": {
			"translation": [0, 15.25, 0]
		},
		"fixed": {
			"rotation": [-90, 0, 0],
			"translation": [0, 0, -16],
			"scale": [2, 2, 2]
		}
	}
}