{
	"credit": "Made with Blockbench",
	"parent": "f101",
	"textures": {
		"3": "block/barrel_side",
		"4": "block/barrel_top_open",
		"5": "block/barrel_bottom",
		"6": "block/f105",
		"particle": "block/f105"
	},
	"elements": [
		{
			"from": [0, 0, 0],
			"to": [16, 9, 16],
			"faces": {
				"north": {"uv": [0, 7, 16, 16], "texture": "#3"},
				"east": {"uv": [0, 7, 16, 16], "texture": "#3"},
				"south": {"uv": [0, 7, 16, 16], "texture": "#3"},
				"west": {"uv": [0, 7, 16, 16], "texture": "#3"},
				"up": {"uv": [0, 0, 16, 16], "texture": "#4"},
				"down": {"uv": [0, 0, 16, 16], "texture": "#5"}
			}
		},
		{
			"from": [6, 9, 6],
			"to": [10, 13, 10],
			"rotation": {"angle": 0, "axis": "y", "origin": [-2, 9, -2]},
			"faces": {
				"north": {"uv": [0, 0, 4, 4], "texture": "#6"},
				"east": {"uv": [0, 4, 4, 8], "texture": "#6"},
				"south": {"uv": [4, 0, 8, 4], "texture": "#6"},
				"west": {"uv": [4, 4, 8, 8], "texture": "#6"},
				"up": {"uv": [4, 12, 0, 8], "texture": "#6"},
				"down": {"uv": [12, 0, 8, 4], "texture": "#6"}
			}
		},
		{
			"from": [9.75, 9, 9.75],
			"to": [14.25, 11.25, 14.25],
			"rotation": {"angle": 0, "axis": "y", "origin": [2, 7, 2]},
			"faces": {
				"north": {"uv": [8, 8, 12, 10], "texture": "#6"},
				"east": {"uv": [8, 10, 12, 12], "texture": "#6"},
				"south": {"uv": [12, 8, 16, 10], "texture": "#6"},
				"west": {"uv": [12, 10, 16, 12], "texture": "#6"},
				"up": {"uv": [8, 12, 4, 8], "texture": "#6"},
				"down": {"uv": [12, 0, 8, 4], "texture": "#6"}
			}
		},
		{
			"from": [10, 7, 10],
			"to": [14, 11, 14],
			"rotation": {"angle": 0, "axis": "y", "origin": [2, 7, 2]},
			"faces": {
				"north": {"uv": [0, 0, 4, 4], "texture": "#6"},
				"east": {"uv": [0, 4, 4, 8], "texture": "#6"},
				"south": {"uv": [4, 0, 8, 4], "texture": "#6"},
				"west": {"uv": [4, 4, 8, 8], "texture": "#6"},
				"up": {"uv": [4, 12, 0, 8], "texture": "#6"},
				"down": {"uv": [12, 0, 8, 4], "texture": "#6"}
			}
		},
		{
			"from": [9.75, 9, 1.75],
			"to": [14.25, 11.25, 6.25],
			"rotation": {"angle": 0, "axis": "y", "origin": [12, 10.125, 4]},
			"faces": {
				"north": {"uv": [12, 10, 16, 12], "texture": "#6"},
				"east": {"uv": [8, 8, 12, 10], "texture": "#6"},
				"south": {"uv": [8, 10, 12, 12], "texture": "#6"},
				"west": {"uv": [12, 8, 16, 10], "texture": "#6"},
				"up": {"uv": [8, 12, 4, 8], "rotation": 90, "texture": "#6"},
				"down": {"uv": [12, 0, 8, 4], "rotation": 270, "texture": "#6"}
			}
		},
		{
			"from": [10, 7, 2],
			"to": [14, 11, 6],
			"rotation": {"angle": 0, "axis": "y", "origin": [2, 7, -6]},
			"faces": {
				"north": {"uv": [0, 0, 4, 4], "texture": "#6"},
				"east": {"uv": [0, 4, 4, 8], "texture": "#6"},
				"south": {"uv": [4, 0, 8, 4], "texture": "#6"},
				"west": {"uv": [4, 4, 8, 8], "texture": "#6"},
				"up": {"uv": [4, 12, 0, 8], "texture": "#6"},
				"down": {"uv": [12, 0, 8, 4], "texture": "#6"}
			}
		},
		{
			"from": [9.75, 10, 5.75],
			"to": [14.25, 12.25, 10.25],
			"rotation": {"angle": 0, "axis": "y", "origin": [2, 8, -2]},
			"faces": {
				"north": {"uv": [8, 8, 12, 10], "texture": "#6"},
				"east": {"uv": [8, 10, 12, 12], "texture": "#6"},
				"south": {"uv": [12, 8, 16, 10], "texture": "#6"},
				"west": {"uv": [12, 10, 16, 12], "texture": "#6"},
				"up": {"uv": [8, 12, 4, 8], "texture": "#6"},
				"down": {"uv": [12, 0, 8, 4], "texture": "#6"}
			}
		},
		{
			"from": [10, 8, 6],
			"to": [14, 12, 10],
			"rotation": {"angle": 0, "axis": "y", "origin": [12, 10, 8]},
			"faces": {
				"north": {"uv": [4, 0, 8, 4], "texture": "#6"},
				"east": {"uv": [4, 4, 8, 8], "texture": "#6"},
				"south": {"uv": [0, 0, 4, 4], "texture": "#6"},
				"west": {"uv": [0, 4, 4, 8], "texture": "#6"},
				"up": {"uv": [4, 12, 0, 8], "rotation": 180, "texture": "#6"},
				"down": {"uv": [12, 0, 8, 4], "rotation": 180, "texture": "#6"}
			}
		},
		{
			"from": [1.75, 9, 9.75],
			"to": [6.25, 11.25, 14.25],
			"rotation": {"angle": 0, "axis": "y", "origin": [4, 10.125, 12]},
			"faces": {
				"north": {"uv": [8, 10, 12, 12], "texture": "#6"},
				"east": {"uv": [12, 8, 16, 10], "texture": "#6"},
				"south": {"uv": [12, 10, 16, 12], "texture": "#6"},
				"west": {"uv": [8, 8, 12, 10], "texture": "#6"},
				"up": {"uv": [8, 12, 4, 8], "rotation": 270, "texture": "#6"},
				"down": {"uv": [12, 0, 8, 4], "rotation": 90, "texture": "#6"}
			}
		},
		{
			"from": [2, 7, 10],
			"to": [6, 11, 14],
			"rotation": {"angle": 0, "axis": "y", "origin": [-6, 7, 2]},
			"faces": {
				"north": {"uv": [0, 0, 4, 4], "texture": "#6"},
				"east": {"uv": [0, 4, 4, 8], "texture": "#6"},
				"south": {"uv": [4, 0, 8, 4], "texture": "#6"},
				"west": {"uv": [4, 4, 8, 8], "texture": "#6"},
				"up": {"uv": [4, 12, 0, 8], "texture": "#6"},
				"down": {"uv": [12, 0, 8, 4], "texture": "#6"}
			}
		},
		{
			"from": [1.75, 9, 1.75],
			"to": [6.25, 11.25, 6.25],
			"rotation": {"angle": 0, "axis": "y", "origin": [4, 10.125, 4]},
			"faces": {
				"north": {"uv": [8, 10, 12, 12], "texture": "#6"},
				"east": {"uv": [12, 8, 16, 10], "texture": "#6"},
				"south": {"uv": [12, 10, 16, 12], "texture": "#6"},
				"west": {"uv": [8, 8, 12, 10], "texture": "#6"},
				"up": {"uv": [8, 12, 4, 8], "rotation": 270, "texture": "#6"},
				"down": {"uv": [12, 0, 8, 4], "rotation": 90, "texture": "#6"}
			}
		},
		{
			"from": [2, 7, 2],
			"to": [6, 11, 6],
			"rotation": {"angle": 0, "axis": "y", "origin": [-6, 7, -6]},
			"faces": {
				"north": {"uv": [0, 0, 4, 4], "texture": "#6"},
				"east": {"uv": [0, 4, 4, 8], "texture": "#6"},
				"south": {"uv": [4, 0, 8, 4], "texture": "#6"},
				"west": {"uv": [4, 4, 8, 8], "texture": "#6"},
				"up": {"uv": [4, 12, 0, 8], "texture": "#6"},
				"down": {"uv": [12, 0, 8, 4], "texture": "#6"}
			}
		},
		{
			"from": [1.75, 10, 5.75],
			"to": [6.25, 12.25, 10.25],
			"rotation": {"angle": 0, "axis": "y", "origin": [-6, 8, -2]},
			"faces": {
				"north": {"uv": [8, 8, 12, 10], "texture": "#6"},
				"east": {"uv": [8, 10, 12, 12], "texture": "#6"},
				"south": {"uv": [12, 8, 16, 10], "texture": "#6"},
				"west": {"uv": [12, 10, 16, 12], "texture": "#6"},
				"up": {"uv": [8, 12, 4, 8], "texture": "#6"},
				"down": {"uv": [12, 0, 8, 4], "texture": "#6"}
			}
		},
		{
			"from": [2, 8, 6],
			"to": [6, 12, 10],
			"rotation": {"angle": 0, "axis": "y", "origin": [4, 10, 8]},
			"faces": {
				"north": {"uv": [0, 4, 4, 8], "texture": "#6"},
				"east": {"uv": [4, 0, 8, 4], "texture": "#6"},
				"south": {"uv": [4, 4, 8, 8], "texture": "#6"},
				"west": {"uv": [0, 0, 4, 4], "texture": "#6"},
				"up": {"uv": [4, 12, 0, 8], "rotation": 270, "texture": "#6"},
				"down": {"uv": [12, 0, 8, 4], "rotation": 90, "texture": "#6"}
			}
		},
		{
			"from": [5.75, 10, 1.75],
			"to": [10.25, 12.25, 6.25],
			"rotation": {"angle": 0, "axis": "y", "origin": [-2, 8, -6]},
			"faces": {
				"north": {"uv": [8, 8, 12, 10], "texture": "#6"},
				"east": {"uv": [8, 10, 12, 12], "texture": "#6"},
				"south": {"uv": [12, 8, 16, 10], "texture": "#6"},
				"west": {"uv": [12, 10, 16, 12], "texture": "#6"},
				"up": {"uv": [8, 12, 4, 8], "texture": "#6"},
				"down": {"uv": [12, 0, 8, 4], "texture": "#6"}
			}
		},
		{
			"from": [6, 8, 2],
			"to": [10, 12, 6],
			"rotation": {"angle": 0, "axis": "y", "origin": [-2, 8, -6]},
			"faces": {
				"north": {"uv": [0, 0, 4, 4], "texture": "#6"},
				"east": {"uv": [0, 4, 4, 8], "texture": "#6"},
				"south": {"uv": [4, 0, 8, 4], "texture": "#6"},
				"west": {"uv": [4, 4, 8, 8], "texture": "#6"},
				"up": {"uv": [4, 12, 0, 8], "texture": "#6"},
				"down": {"uv": [12, 0, 8, 4], "texture": "#6"}
			}
		},
		{
			"from": [5.75, 10, 9.75],
			"to": [10.25, 12.25, 14.25],
			"rotation": {"angle": 0, "axis": "y", "origin": [8, 11.125, 12]},
			"faces": {
				"north": {"uv": [8, 10, 12, 12], "texture": "#6"},
				"east": {"uv": [12, 8, 16, 10], "texture": "#6"},
				"south": {"uv": [12, 10, 16, 12], "texture": "#6"},
				"west": {"uv": [8, 8, 12, 10], "texture": "#6"},
				"up": {"uv": [8, 12, 4, 8], "rotation": 270, "texture": "#6"},
				"down": {"uv": [12, 0, 8, 4], "rotation": 90, "texture": "#6"}
			}
		},
		{
			"from": [6, 8, 10],
			"to": [10, 12, 14],
			"rotation": {"angle": 0, "axis": "y", "origin": [8, 10, 12]},
			"faces": {
				"north": {"uv": [0, 4, 4, 8], "texture": "#6"},
				"east": {"uv": [4, 0, 8, 4], "texture": "#6"},
				"south": {"uv": [4, 4, 8, 8], "texture": "#6"},
				"west": {"uv": [0, 0, 4, 4], "texture": "#6"},
				"up": {"uv": [4, 12, 0, 8], "rotation": 270, "texture": "#6"},
				"down": {"uv": [12, 0, 8, 4], "rotation": 90, "texture": "#6"}
			}
		},
		{
			"from": [5.75, 11, 5.75],
			"to": [10.25, 13.25, 10.25],
			"rotation": {"angle": 0, "axis": "y", "origin": [8, 12.125, 8]},
			"faces": {
				"north": {"uv": [8, 10, 12, 12], "texture": "#6"},
				"east": {"uv": [12, 8, 16, 10], "texture": "#6"},
				"south": {"uv": [12, 10, 16, 12], "texture": "#6"},
				"west": {"uv": [8, 8, 12, 10], "texture": "#6"},
				"up": {"uv": [8, 12, 4, 8], "rotation": 270, "texture": "#6"},
				"down": {"uv": [12, 0, 8, 4], "rotation": 90, "texture": "#6"}
			}
		}
	],
	"display": {
		"thirdperson_righthand": {
			"rotation": [75, 45, 0],
			"translation": [0, 2.5, 0],
			"scale": [0.375, 0.375, 0.375]
		},
		"thirdperson_lefthand": {
			"rotation": [75, 45, 0],
			"translation": [0, 2.5, 0],
			"scale": [0.375, 0.375, 0.375]
		},
		"firstperson_righthand": {
			"rotation": [0, 135, 0],
			"translation": [0, 3.75, 0],
			"scale": [0.4, 0.4, 0.4]
		},
		"firstperson_lefthand": {
			"rotation": [0, 135, 0],
			"translation": [0, 3.75, 0],
			"scale": [0.4, 0.4, 0.4]
		},
		"ground": {
			"translation": [0, 3, 0],
			"scale": [0.25, 0.25, 0.25]
		},
		"gui": {
			"rotation": [30, 225, 0],
			"scale": [0.625, 0.625, 0.625]
		},
		"head": {
			"translation": [0, 15.25, 0]
		},
		"fixed": {
			"rotation": [-90, 0, 0],
			"translation": [0, 0, -16],
			"scale": [2, 2, 2]
		}
	}
}