{
	"credit": "Made with Blockbench",
	"parent": "f101",
	"texture_size": [32, 32],
	"textures": {
		"0": "block/f122",
		"1": "block/barrel_side",
		"particle": "block/f122"
	},
	"elements": [
		{
			"from": [11, 10.00657, 13.00657],
			"to": [13, 15.00657, 15.00657],
			"rotation": {"angle": 0, "axis": "y", "origin": [12.7844, 8.7, 14.00657]},
			"faces": {
				"north": {"uv": [4.5, 4.5, 3.5, 7], "rotation": 180, "texture": "#0", "tintindex": 1},
				"east": {"uv": [3.5, 3.5, 6, 4.5], "rotation": 270, "texture": "#0", "tintindex": 1},
				"south": {"uv": [5, 3.5, 4, 1], "texture": "#0", "tintindex": 1},
				"west": {"uv": [0, 4, 2.5, 5], "rotation": 90, "texture": "#0", "tintindex": 1},
				"up": {"uv": [6, 3.5, 7, 4.5], "rotation": 180, "texture": "#0", "tintindex": 1},
				"down": {"uv": [6, 5.5, 7, 6.5], "texture": "#0", "tintindex": 1}
			}
		},
		{
			"from": [11.5, 1.00657, 14.00657],
			"to": [12.5, 10.00657, 14.00657],
			"rotation": {"angle": 0, "axis": "y", "origin": [12.7844, 8.7, 14.00657]},
			"faces": {
				"north": {"uv": [1, 5, 0.5, 9.5], "rotation": 180, "texture": "#0"},
				"east": {"uv": [4.5, 4.5, 9, 5], "rotation": 270, "texture": "#0"},
				"south": {"uv": [0.5, 9.5, 0, 5], "texture": "#0"},
				"west": {"uv": [5, 1, 9.5, 1.5], "rotation": 90, "texture": "#0"},
				"up": {"uv": [8, 6.5, 8.5, 7], "rotation": 180, "texture": "#0"},
				"down": {"uv": [8, 7, 8.5, 7.5], "texture": "#0"}
			}
		},
		{
			"from": [1.9658, 3.48336, 13.98157],
			"to": [4.4658, 9.48336, 14.03157],
			"rotation": {"angle": -22.5, "axis": "z", "origin": [2.7844, 8.7, 14.00657]},
			"faces": {
				"north": {"uv": [3, 0, 1.5, 3], "rotation": 180, "texture": "#0"},
				"east": {"uv": [5, 5, 8, 5.5], "rotation": 270, "texture": "#0"},
				"south": {"uv": [1.5, 3, 0, 0], "texture": "#0"},
				"up": {"uv": [5.5, 0.5, 7, 1], "rotation": 180, "texture": "#0"}
			}
		},
		{
			"from": [4.4658, 1.48336, 13.98157],
			"to": [5.4658, 9.48336, 14.03157],
			"rotation": {"angle": -22.5, "axis": "z", "origin": [2.7844, 8.7, 14.00657]},
			"faces": {
				"north": {"uv": [2, 5, 1.5, 9], "rotation": 180, "texture": "#0"},
				"east": {"uv": [5, 1.5, 9, 2], "rotation": 270, "texture": "#0"},
				"south": {"uv": [1.5, 9, 1, 5], "texture": "#0"},
				"up": {"uv": [8, 7.5, 8.5, 8], "rotation": 180, "texture": "#0"}
			}
		},
		{
			"from": [1, 10.00657, 13.00657],
			"to": [3, 15.00657, 15.00657],
			"rotation": {"angle": 0, "axis": "y", "origin": [2.7844, 8.7, 14.00657]},
			"faces": {
				"north": {"uv": [4.5, 4.5, 3.5, 7], "rotation": 180, "texture": "#0", "tintindex": 1},
				"east": {"uv": [3.5, 3.5, 6, 4.5], "rotation": 270, "texture": "#0", "tintindex": 1},
				"south": {"uv": [5, 3.5, 4, 1], "texture": "#0", "tintindex": 1},
				"west": {"uv": [0, 4, 2.5, 5], "rotation": 90, "texture": "#0", "tintindex": 1},
				"up": {"uv": [6, 3.5, 7, 4.5], "rotation": 180, "texture": "#0", "tintindex": 1},
				"down": {"uv": [6, 5.5, 7, 6.5], "texture": "#0", "tintindex": 1}
			}
		},
		{
			"from": [1.5, 1.00657, 14.00657],
			"to": [2.5, 10.00657, 14.00657],
			"rotation": {"angle": 0, "axis": "y", "origin": [2.7844, 8.7, 14.00657]},
			"faces": {
				"north": {"uv": [1, 5, 0.5, 9.5], "rotation": 180, "texture": "#0"},
				"east": {"uv": [4.5, 4.5, 9, 5], "rotation": 270, "texture": "#0"},
				"south": {"uv": [0.5, 9.5, 0, 5], "texture": "#0"},
				"west": {"uv": [5, 1, 9.5, 1.5], "rotation": 90, "texture": "#0"},
				"up": {"uv": [8, 6.5, 8.5, 7], "rotation": 180, "texture": "#0"},
				"down": {"uv": [8, 7, 8.5, 7.5], "texture": "#0"}
			}
		},
		{
			"from": [6.9658, 3.48336, 13.98157],
			"to": [9.4658, 9.48336, 14.03157],
			"rotation": {"angle": -22.5, "axis": "z", "origin": [7.7844, 8.7, 14.00657]},
			"faces": {
				"north": {"uv": [3, 0, 1.5, 3], "rotation": 180, "texture": "#0"},
				"east": {"uv": [5, 5, 8, 5.5], "rotation": 270, "texture": "#0"},
				"south": {"uv": [1.5, 3, 0, 0], "texture": "#0"},
				"up": {"uv": [5.5, 0.5, 7, 1], "rotation": 180, "texture": "#0"}
			}
		},
		{
			"from": [9.4658, 1.48336, 13.98157],
			"to": [10.4658, 9.48336, 14.03157],
			"rotation": {"angle": -22.5, "axis": "z", "origin": [7.7844, 8.7, 14.00657]},
			"faces": {
				"north": {"uv": [2, 5, 1.5, 9], "rotation": 180, "texture": "#0"},
				"east": {"uv": [5, 1.5, 9, 2], "rotation": 270, "texture": "#0"},
				"south": {"uv": [1.5, 9, 1, 5], "texture": "#0"},
				"up": {"uv": [8, 7.5, 8.5, 8], "rotation": 180, "texture": "#0"}
			}
		},
		{
			"from": [6, 10.00657, 13.00657],
			"to": [8, 15.00657, 15.00657],
			"rotation": {"angle": 0, "axis": "y", "origin": [7.7844, 8.7, 14.00657]},
			"faces": {
				"north": {"uv": [4.5, 4.5, 3.5, 7], "rotation": 180, "texture": "#0", "tintindex": 1},
				"east": {"uv": [3.5, 3.5, 6, 4.5], "rotation": 270, "texture": "#0", "tintindex": 1},
				"south": {"uv": [5, 3.5, 4, 1], "texture": "#0", "tintindex": 1},
				"west": {"uv": [0, 4, 2.5, 5], "rotation": 90, "texture": "#0", "tintindex": 1},
				"up": {"uv": [6, 3.5, 7, 4.5], "rotation": 180, "texture": "#0", "tintindex": 1},
				"down": {"uv": [6, 5.5, 7, 6.5], "texture": "#0", "tintindex": 1}
			}
		},
		{
			"from": [6.5, 1.00657, 14.00657],
			"to": [7.5, 10.00657, 14.00657],
			"rotation": {"angle": 0, "axis": "y", "origin": [7.7844, 8.7, 14.00657]},
			"faces": {
				"north": {"uv": [1, 5, 0.5, 9.5], "rotation": 180, "texture": "#0"},
				"east": {"uv": [4.5, 4.5, 9, 5], "rotation": 270, "texture": "#0"},
				"south": {"uv": [0.5, 9.5, 0, 5], "texture": "#0"},
				"west": {"uv": [5, 1, 9.5, 1.5], "rotation": 90, "texture": "#0"},
				"up": {"uv": [8, 6.5, 8.5, 7], "rotation": 180, "texture": "#0"},
				"down": {"uv": [8, 7, 8.5, 7.5], "texture": "#0"}
			}
		},
		{
			"from": [14.4658, 1.48336, 13.98157],
			"to": [15.4658, 9.48336, 14.03157],
			"rotation": {"angle": -22.5, "axis": "z", "origin": [12.7844, 8.7, 14.00657]},
			"faces": {
				"north": {"uv": [2, 5, 1.5, 9], "rotation": 180, "texture": "#0"},
				"east": {"uv": [5, 1.5, 9, 2], "rotation": 270, "texture": "#0"},
				"south": {"uv": [1.5, 9, 1, 5], "texture": "#0"},
				"up": {"uv": [8, 7.5, 8.5, 8], "rotation": 180, "texture": "#0"}
			}
		},
		{
			"from": [11.9658, 3.48336, 13.98157],
			"to": [14.4658, 9.48336, 14.03157],
			"rotation": {"angle": -22.5, "axis": "z", "origin": [12.7844, 8.7, 14.00657]},
			"faces": {
				"north": {"uv": [3, 0, 1.5, 3], "rotation": 180, "texture": "#0"},
				"east": {"uv": [5, 5, 8, 5.5], "rotation": 270, "texture": "#0"},
				"south": {"uv": [1.5, 3, 0, 0], "texture": "#0"},
				"up": {"uv": [5.5, 0.5, 7, 1], "rotation": 180, "texture": "#0"}
			}
		},
		{
			"from": [0, 12, 14],
			"to": [16, 14, 16],
			"rotation": {"angle": 0, "axis": "y", "origin": [0, 12, 14]},
			"faces": {
				"north": {"uv": [0, 3, 16, 5], "texture": "#1"},
				"east": {"uv": [1, 3, 3, 5], "texture": "#1"},
				"south": {"uv": [0, 3, 16, 5], "texture": "#1"},
				"west": {"uv": [7, 3, 9, 5], "texture": "#1"},
				"up": {"uv": [0, 3, 16, 5], "texture": "#1"},
				"down": {"uv": [0, 3, 16, 5], "texture": "#1"}
			}
		}
	],
	"display": {
		"thirdperson_righthand": {
			"rotation": [75, 45, 0],
			"translation": [0, 2.5, 0],
			"scale": [0.375, 0.375, 0.375]
		},
		"thirdperson_lefthand": {
			"rotation": [75, 45, 0],
			"translation": [0, 2.5, 0],
			"scale": [0.375, 0.375, 0.375]
		},
		"firstperson_righthand": {
			"rotation": [0, 135, 0],
			"translation": [0, 3.75, 0],
			"scale": [0.4, 0.4, 0.4]
		},
		"firstperson_lefthand": {
			"rotation": [0, 135, 0],
			"translation": [0, 3.75, 0],
			"scale": [0.4, 0.4, 0.4]
		},
		"ground": {
			"translation": [0, 3, 0],
			"scale": [0.25, 0.25, 0.25]
		},
		"gui": {
			"rotation": [30, 225, 0],
			"scale": [0.625, 0.625, 0.625]
		},
		"head": {
			"translation": [0, 15.25, 0]
		},
		"fixed": {
			"rotation": [-90, 0, 0],
			"translation": [0, 0, -16],
			"scale": [2, 2, 2]
		}
	}
}