{
	"credit": "Made with Blockbench",
	"texture_size": [32, 32],
	"textures": {
		"0": "block/f139",
		"particle": "block/f139"
	},
	"elements": [
		{
			"from": [2, 8, 2],
			"to": [14, 13, 14],
			"faces": {
				"north": {"uv": [5, 6, 11, 8.5], "texture": "#0"},
				"east": {"uv": [5, 6, 11, 8.5], "texture": "#0"},
				"south": {"uv": [5, 6, 11, 8.5], "texture": "#0"},
				"west": {"uv": [5, 6, 11, 8.5], "texture": "#0"},
				"up": {"uv": [11, 6, 5, 0], "texture": "#0"},
				"down": {"uv": [11, 0, 5, 6], "texture": "#0"}
			}
		},
		{
			"from": [10.29289, 5.40812, 14],
			"to": [21.29289, 6.40812, 15],
			"rotation": {"angle": 45, "axis": "z", "origin": [7.29289, -6.09188, 1]},
			"faces": {
				"north": {"uv": [5, 8.5, 10.5, 9], "texture": "#0"},
				"east": {"uv": [10.5, 8.5, 11, 9], "texture": "#0"},
				"south": {"uv": [5, 8.5, 10.5, 9], "rotation": 180, "texture": "#0"},
				"west": {"uv": [10, 8.5, 10.5, 9], "texture": "#0"},
				"up": {"uv": [10.5, 9, 5, 8.5], "texture": "#0"},
				"down": {"uv": [10.5, 8.5, 5, 9], "texture": "#0"}
			}
		},
		{
			"from": [10.29289, 5.40812, 1],
			"to": [21.29289, 6.40812, 2],
			"rotation": {"angle": 45, "axis": "z", "origin": [7.29289, -6.09188, 1]},
			"faces": {
				"north": {"uv": [5, 8.5, 10.5, 9], "texture": "#0"},
				"east": {"uv": [10.5, 8.5, 11, 9], "texture": "#0"},
				"south": {"uv": [5, 8.5, 10.5, 9], "rotation": 180, "texture": "#0"},
				"west": {"uv": [10, 8.5, 10.5, 9], "texture": "#0"},
				"up": {"uv": [10.5, 9, 5, 8.5], "texture": "#0"},
				"down": {"uv": [10.5, 8.5, 5, 9], "texture": "#0"}
			}
		},
		{
			"from": [10.29289, 5.40812, 2],
			"to": [11.29289, 6.40812, 14],
			"rotation": {"angle": 45, "axis": "z", "origin": [7.29289, -6.09188, 1]},
			"faces": {
				"north": {"uv": [8, 14, 8.5, 14.5], "texture": "#0"},
				"east": {"uv": [16, 10, 22, 10.5], "texture": "#0"},
				"south": {"uv": [8.5, 14, 9, 14.5], "texture": "#0"},
				"west": {"uv": [0, 9, 6, 9.5], "texture": "#0"},
				"up": {"uv": [6, 9.5, 0, 9], "rotation": 90, "texture": "#0"},
				"down": {"uv": [0, 9.5, 6, 9], "rotation": 90, "texture": "#0"}
			}
		},
		{
			"from": [9.79289, 4.90812, 3],
			"to": [11.79289, 6.90812, 13],
			"rotation": {"angle": 45, "axis": "z", "origin": [7.29289, -6.09188, 1]},
			"faces": {
				"north": {"uv": [11, 7, 12, 8], "texture": "#0", "tintindex": 1},
				"east": {"uv": [11, 6, 16, 7], "texture": "#0", "tintindex": 1},
				"south": {"uv": [11, 7, 12, 8], "rotation": 270, "texture": "#0", "tintindex": 1},
				"west": {"uv": [11, 6, 16, 7], "texture": "#0", "tintindex": 1},
				"up": {"uv": [16, 7, 11, 6], "rotation": 90, "texture": "#0", "tintindex": 1},
				"down": {"uv": [11, 7, 16, 6], "rotation": 90, "texture": "#0", "tintindex": 1}
			}
		},
		{
			"from": [3, 0, 3],
			"to": [13, 8, 13],
			"faces": {
				"north": {"uv": [0, 0, 5, 4], "texture": "#0"},
				"east": {"uv": [0, 0, 5, 4], "texture": "#0"},
				"south": {"uv": [0, 0, 5, 4], "texture": "#0"},
				"west": {"uv": [0, 0, 5, 4], "texture": "#0"},
				"down": {"uv": [5, 4, 0, 9], "texture": "#0"}
			}
		},
		{
			"from": [13, 1, 3],
			"to": [3, 13, 13],
			"rotation": {"angle": 0, "axis": "y", "origin": [10, 0, 0]},
			"faces": {
				"north": {"uv": [11, 0, 16, 6], "texture": "#0"},
				"east": {"uv": [11, 0, 16, 6], "texture": "#0"},
				"south": {"uv": [11, 0, 16, 6], "texture": "#0"},
				"west": {"uv": [11, 0, 16, 6], "texture": "#0"},
				"down": {"uv": [0, 4, 5, 9], "texture": "#0"}
			}
		}
	],
	"display": {
		"thirdperson_righthand": {
			"rotation": [75, 45, 0],
			"translation": [0, 2.5, 0],
			"scale": [0.375, 0.375, 0.375]
		},
		"thirdperson_lefthand": {
			"rotation": [75, 45, 0],
			"translation": [0, 2.5, 0],
			"scale": [0.375, 0.375, 0.375]
		},
		"firstperson_righthand": {
			"rotation": [0, 135, 0],
			"translation": [0, 2.75, 0],
			"scale": [0.4, 0.4, 0.4]
		},
		"firstperson_lefthand": {
			"rotation": [0, 135, 0],
			"translation": [0, 2.75, 0],
			"scale": [0.4, 0.4, 0.4]
		},
		"ground": {
			"translation": [0, 3, 0],
			"scale": [0.25, 0.25, 0.25]
		},
		"gui": {
			"rotation": [30, 225, 0],
			"scale": [0.625, 0.625, 0.625]
		},
		"head": {
			"translation": [0, 15.25, 0]
		},
		"fixed": {
			"rotation": [-90, 0, 0],
			"translation": [0, 0, -16],
			"scale": [2, 2, 2]
		}
	}
}