{
	"credit": "Made with Blockbench",
	"textures": {
		"0": "block/spruce_planks",
		"1": "block/white_wool",
		"2": "block/stripped_spruce_log_top",
		"3": "block/stripped_spruce_log",
		"particle": "block/spruce_planks"
	},
	"elements": [
		{
			"from": [1.25, 6, 1.25],
			"to": [14.75, 8, 14.75],
			"faces": {
				"north": {"uv": [0, 0, 16, 2], "texture": "#1", "tintindex": 1},
				"east": {"uv": [0, 0, 16, 2], "texture": "#1", "tintindex": 1},
				"south": {"uv": [0, 0, 16, 2], "texture": "#1", "tintindex": 1},
				"west": {"uv": [0, 0, 16, 2], "texture": "#1", "tintindex": 1},
				"up": {"uv": [0, 0, 16, 16], "texture": "#1", "tintindex": 1}
			}
		},
		{
			"from": [1, 5, 1],
			"to": [15, 6, 15],
			"faces": {
				"north": {"uv": [0, 0, 16, 1], "texture": "#3"},
				"east": {"uv": [0, 0, 1, 16], "rotation": 90, "texture": "#3"},
				"south": {"uv": [0, 15, 16, 16], "rotation": 180, "texture": "#3"},
				"west": {"uv": [0, 0, 1, 16], "rotation": 270, "texture": "#3"},
				"up": {"uv": [0, 0, 16, 16], "texture": "#2"},
				"down": {"uv": [0, 0, 16, 16], "rotation": 180, "texture": "#2"}
			}
		},
		{
			"from": [1.25, 15.25, 6.5],
			"to": [14.75, 20.75, 8.5],
			"rotation": {"angle": 22.5, "axis": "x", "origin": [0, 0, 0]},
			"faces": {
				"north": {"uv": [0, 0, 16, 6], "texture": "#1", "tintindex": 1},
				"east": {"uv": [0, 0, 2, 6], "texture": "#1", "tintindex": 1},
				"west": {"uv": [0, 0, 2, 6], "texture": "#1", "tintindex": 1},
				"up": {"uv": [0, 0, 16, 2], "texture": "#1", "tintindex": 1},
				"down": {"uv": [0, 0, 16, 2], "texture": "#1", "tintindex": 1}
			}
		},
		{
			"from": [1, 15, 8.5],
			"to": [15, 21, 9.5],
			"rotation": {"angle": 22.5, "axis": "x", "origin": [0, 0, 0]},
			"faces": {
				"north": {"uv": [0, 0, 16, 6], "texture": "#0"},
				"east": {"uv": [0, 0, 1, 6], "texture": "#3"},
				"south": {"uv": [0, 0, 16, 6], "texture": "#2"},
				"west": {"uv": [0, 0, 1, 6], "texture": "#3"},
				"up": {"uv": [0, 0, 14, 1], "texture": "#3"},
				"down": {"uv": [0, 6, 16, 7], "texture": "#2"}
			}
		},
		{
			"from": [10, 5.17941, 12.70741],
			"to": [13, 12.17941, 15.20741],
			"rotation": {"angle": 0, "axis": "y", "origin": [0, -9.82059, 5.20741]},
			"faces": {
				"north": {"uv": [0, 0, 3, 7], "texture": "#0"},
				"east": {"uv": [0, 0, 2.5, 7], "texture": "#0"},
				"south": {"uv": [0, 0, 3, 7], "texture": "#0"},
				"west": {"uv": [0, 0, 2.5, 7], "texture": "#0"},
				"up": {"uv": [0, 0, 3, 2.5], "texture": "#0"},
				"down": {"uv": [0, 0, 3, 2.5], "texture": "#0"}
			}
		},
		{
			"from": [3, 5.17941, 12.70741],
			"to": [6, 12.17941, 15.20741],
			"rotation": {"angle": 0, "axis": "y", "origin": [0, -9.82059, 5.20741]},
			"faces": {
				"north": {"uv": [0, 0, 3, 7], "texture": "#0"},
				"east": {"uv": [0, 0, 2.5, 7], "texture": "#0"},
				"south": {"uv": [0, 0, 3, 7], "texture": "#0"},
				"west": {"uv": [0, 0, 2.5, 7], "texture": "#0"},
				"up": {"uv": [0, 0, 3, 2.5], "texture": "#0"},
				"down": {"uv": [0, 0, 3, 2.5], "texture": "#0"}
			}
		},
		{
			"from": [6.5, 0, 13],
			"to": [9.5, 5, 16],
			"rotation": {"angle": 45, "axis": "y", "origin": [8, 2.5, 8]},
			"faces": {
				"north": {"uv": [0, 0, 3, 5], "texture": "#0"},
				"east": {"uv": [0, 0, 3, 5], "texture": "#0"},
				"south": {"uv": [0, 0, 3, 5], "texture": "#0"},
				"west": {"uv": [0, 0, 3, 5], "texture": "#0"},
				"up": {"uv": [0, 0, 3, 3], "rotation": 90, "texture": "#0"},
				"down": {"uv": [0, 0, 3, 3], "rotation": 270, "texture": "#0"}
			}
		},
		{
			"from": [6.5, 0, 0],
			"to": [9.5, 5, 3],
			"rotation": {"angle": 45, "axis": "y", "origin": [8, 2.5, 8]},
			"faces": {
				"north": {"uv": [0, 0, 3, 5], "texture": "#0"},
				"east": {"uv": [0, 0, 3, 5], "texture": "#0"},
				"south": {"uv": [0, 0, 3, 5], "texture": "#0"},
				"west": {"uv": [0, 0, 3, 5], "texture": "#0"},
				"up": {"uv": [0, 0, 3, 3], "rotation": 90, "texture": "#0"},
				"down": {"uv": [0, 0, 3, 3], "rotation": 270, "texture": "#0"}
			}
		},
		{
			"from": [7, 1.25, 3],
			"to": [9, 2.25, 13],
			"rotation": {"angle": 45, "axis": "y", "origin": [8, 2.5, 8]},
			"faces": {
				"north": {"uv": [0, 0, 2, 1], "texture": "#0"},
				"east": {"uv": [0, 0, 10, 1], "texture": "#0"},
				"south": {"uv": [0, 0, 2, 1], "texture": "#0"},
				"west": {"uv": [0, 0, 10, 1], "texture": "#0"},
				"up": {"uv": [0, 0, 10, 2], "rotation": 90, "texture": "#0"},
				"down": {"uv": [0, 0, 10, 2], "rotation": 270, "texture": "#0"}
			}
		},
		{
			"from": [13, 0, 6.5],
			"to": [16, 5, 9.5],
			"rotation": {"angle": 45, "axis": "y", "origin": [8, 2.5, 8]},
			"faces": {
				"north": {"uv": [0, 0, 3, 5], "texture": "#0"},
				"east": {"uv": [0, 0, 3, 5], "texture": "#0"},
				"south": {"uv": [0, 0, 3, 5], "texture": "#0"},
				"west": {"uv": [0, 0, 3, 5], "texture": "#0"},
				"up": {"uv": [0, 0, 3, 3], "rotation": 90, "texture": "#0"},
				"down": {"uv": [0, 0, 3, 3], "rotation": 270, "texture": "#0"}
			}
		},
		{
			"from": [3, 1, 7],
			"to": [13, 2, 9],
			"rotation": {"angle": 45, "axis": "y", "origin": [8, 2.5, 8]},
			"faces": {
				"north": {"uv": [0, 0, 10, 1], "texture": "#0"},
				"east": {"uv": [0, 0, 2, 1], "texture": "#0"},
				"south": {"uv": [0, 0, 10, 1], "texture": "#0"},
				"west": {"uv": [0, 0, 2, 1], "texture": "#0"},
				"up": {"uv": [0, 0, 2, 10], "rotation": 90, "texture": "#0"},
				"down": {"uv": [0, 0, 2, 10], "rotation": 270, "texture": "#0"}
			}
		},
		{
			"from": [0, 0, 6.5],
			"to": [3, 5, 9.5],
			"rotation": {"angle": 45, "axis": "y", "origin": [8, 2.5, 8]},
			"faces": {
				"north": {"uv": [0, 0, 3, 5], "texture": "#0"},
				"east": {"uv": [0, 0, 3, 5], "texture": "#0"},
				"south": {"uv": [0, 0, 3, 5], "texture": "#0"},
				"west": {"uv": [0, 0, 3, 5], "texture": "#0"},
				"up": {"uv": [0, 0, 3, 3], "rotation": 90, "texture": "#0"},
				"down": {"uv": [0, 0, 3, 3], "rotation": 270, "texture": "#0"}
			}
		},
		{
			"from": [0, 8.75, 2],
			"to": [3, 9.75, 12],
			"rotation": {"angle": 0, "axis": "z", "origin": [1.5, 10, 8]},
			"faces": {
				"north": {"uv": [0, 0, 3, 1], "texture": "#3"},
				"east": {"uv": [0, 0, 10, 1], "texture": "#3"},
				"south": {"uv": [0, 0, 3, 1], "texture": "#3"},
				"west": {"uv": [0, 0, 10, 1], "texture": "#3"},
				"up": {"uv": [0, 0, 3, 10], "texture": "#3"},
				"down": {"uv": [0, 0, 3, 10], "texture": "#3"}
			}
		},
		{
			"from": [13, 9.75, 2],
			"to": [16, 10.75, 12],
			"rotation": {"angle": 0, "axis": "z", "origin": [14.5, 10, 8]},
			"faces": {
				"north": {"uv": [0, 0, 3, 1], "texture": "#1", "tintindex": 1},
				"east": {"uv": [0, 0, 10, 1], "texture": "#1", "tintindex": 1},
				"south": {"uv": [0, 0, 3, 1], "texture": "#1", "tintindex": 1},
				"west": {"uv": [0, 0, 10, 1], "texture": "#1", "tintindex": 1},
				"up": {"uv": [0, 0, 3, 10], "texture": "#1", "tintindex": 1},
				"down": {"uv": [0, 0, 3, 10], "texture": "#1", "tintindex": 1}
			}
		},
		{
			"from": [0, 9.75, 2],
			"to": [3, 10.75, 12],
			"rotation": {"angle": 0, "axis": "z", "origin": [1.5, 10, 8]},
			"faces": {
				"north": {"uv": [0, 0, 3, 1], "texture": "#1", "tintindex": 1},
				"east": {"uv": [0, 0, 10, 1], "texture": "#1", "tintindex": 1},
				"south": {"uv": [0, 0, 3, 1], "texture": "#1", "tintindex": 1},
				"west": {"uv": [0, 0, 10, 1], "texture": "#1", "tintindex": 1},
				"up": {"uv": [0, 0, 3, 10], "texture": "#1", "tintindex": 1},
				"down": {"uv": [0, 0, 3, 10], "texture": "#1", "tintindex": 1}
			}
		},
		{
			"from": [13, 8.75, 2],
			"to": [16, 9.75, 12],
			"rotation": {"angle": 0, "axis": "z", "origin": [14.5, 10, 8]},
			"faces": {
				"north": {"uv": [0, 0, 3, 1], "texture": "#3"},
				"east": {"uv": [0, 0, 10, 1], "texture": "#3"},
				"south": {"uv": [0, 0, 3, 1], "texture": "#3"},
				"west": {"uv": [0, 0, 10, 1], "texture": "#3"},
				"up": {"uv": [0, 0, 3, 10], "texture": "#3"},
				"down": {"uv": [0, 0, 3, 10], "texture": "#3"}
			}
		},
		{
			"from": [0.75, 5.025, 3],
			"to": [1.75, 9, 5],
			"faces": {
				"north": {"uv": [0, 0, 1, 3.975], "texture": "#0"},
				"east": {"uv": [0, 0, 2, 3.975], "texture": "#0"},
				"south": {"uv": [0, 0, 1, 3.975], "texture": "#0"},
				"west": {"uv": [0, 0, 2, 3.975], "texture": "#0"},
				"up": {"uv": [0, 0, 1, 2], "texture": "#0"},
				"down": {"uv": [0, 0, 1, 2], "texture": "#0"}
			}
		},
		{
			"from": [14.25, 5.025, 9],
			"to": [15.25, 9, 11],
			"faces": {
				"north": {"uv": [0, 0, 1, 3.975], "texture": "#0"},
				"east": {"uv": [0, 0, 2, 3.975], "texture": "#0"},
				"south": {"uv": [0, 0, 1, 3.975], "texture": "#0"},
				"west": {"uv": [0, 0, 2, 3.975], "texture": "#0"},
				"up": {"uv": [0, 0, 1, 2], "texture": "#0"},
				"down": {"uv": [0, 0, 1, 2], "texture": "#0"}
			}
		},
		{
			"from": [0.75, 5.025, 9],
			"to": [1.75, 9, 11],
			"faces": {
				"north": {"uv": [0, 0, 1, 3.975], "texture": "#0"},
				"east": {"uv": [0, 0, 2, 3.975], "texture": "#0"},
				"south": {"uv": [0, 0, 1, 3.975], "texture": "#0"},
				"west": {"uv": [0, 0, 2, 3.975], "texture": "#0"},
				"up": {"uv": [0, 0, 1, 2], "texture": "#0"},
				"down": {"uv": [0, 0, 1, 2], "texture": "#0"}
			}
		},
		{
			"from": [14.25, 5.025, 3],
			"to": [15.25, 9, 5],
			"faces": {
				"north": {"uv": [0, 0, 1, 3.975], "texture": "#0"},
				"east": {"uv": [0, 0, 2, 3.975], "texture": "#0"},
				"south": {"uv": [0, 0, 1, 3.975], "texture": "#0"},
				"west": {"uv": [0, 0, 2, 3.975], "texture": "#0"},
				"up": {"uv": [0, 0, 1, 2], "texture": "#0"},
				"down": {"uv": [0, 0, 1, 2], "texture": "#0"}
			}
		}
	],
	"display": {
		"thirdperson_righthand": {
			"rotation": [75, 45, 0],
			"translation": [0, 2.5, 0],
			"scale": [0.375, 0.375, 0.375]
		},
		"thirdperson_lefthand": {
			"rotation": [75, 45, 0],
			"translation": [0, 2.5, 0],
			"scale": [0.375, 0.375, 0.375]
		},
		"firstperson_righthand": {
			"rotation": [0, 135, 0],
			"translation": [0, 3.75, 0],
			"scale": [0.4, 0.4, 0.4]
		},
		"firstperson_lefthand": {
			"rotation": [0, 135, 0],
			"translation": [0, 3.75, 0],
			"scale": [0.4, 0.4, 0.4]
		},
		"ground": {
			"translation": [0, 3, 0],
			"scale": [0.25, 0.25, 0.25]
		},
		"gui": {
			"rotation": [30, 225, 0],
			"scale": [0.625, 0.625, 0.625]
		},
		"head": {
			"translation": [0, 15.25, 0]
		},
		"fixed": {
			"rotation": [-90, 0, 0],
			"translation": [0, 0, -16],
			"scale": [2, 2, 2]
		}
	}
}