{
	"credit": "Made with Blockbench",
	"textures": {
		"0": "block/birch_log",
		"1": "block/birch_log_top",
		"particle": "block/birch_log"
	},
	"elements": [
		{
			"from": [9, 0.00974, -0.00967],
			"to": [15, 6.00974, 15.99033],
			"rotation": {"angle": 0, "axis": "x", "origin": [8.00625, 8.00453, 8.00283]},
			"faces": {
				"north": {"uv": [5, 5, 11, 11], "rotation": 180, "texture": "#1"},
				"east": {"uv": [0, 0, 6, 16], "rotation": 270, "texture": "#0"},
				"south": {"uv": [5, 5, 11, 11], "texture": "#1"},
				"west": {"uv": [0, 0, 6, 16], "rotation": 90, "texture": "#0"},
				"up": {"uv": [0, 0, 6, 16], "rotation": 180, "texture": "#0"},
				"down": {"uv": [0, 0, 6, 16], "texture": "#0"}
			}
		},
		{
			"from": [1, 0.00974, -0.00967],
			"to": [7, 6.00974, 15.99033],
			"rotation": {"angle": 0, "axis": "y", "origin": [8.00625, 8.00453, 8.00283]},
			"faces": {
				"north": {"uv": [5, 5, 11, 11], "rotation": 180, "texture": "#1"},
				"east": {"uv": [0, 0, 6, 16], "rotation": 270, "texture": "#0"},
				"south": {"uv": [5, 5, 11, 11], "texture": "#1"},
				"west": {"uv": [0, 0, 6, 16], "rotation": 90, "texture": "#0"},
				"up": {"uv": [0, 0, 6, 16], "rotation": 180, "texture": "#0"},
				"down": {"uv": [0, 0, 6, 16], "texture": "#0"}
			}
		},
		{
			"from": [5, 6.00974, -0.00967],
			"to": [11, 12.00974, 15.99033],
			"rotation": {"angle": 0, "axis": "y", "origin": [8.00625, 8.00453, 8.00283]},
			"faces": {
				"north": {"uv": [5, 5, 11, 11], "rotation": 180, "texture": "#1"},
				"east": {"uv": [0, 0, 6, 16], "rotation": 270, "texture": "#0"},
				"south": {"uv": [5, 5, 11, 11], "texture": "#1"},
				"west": {"uv": [0, 0, 6, 16], "rotation": 90, "texture": "#0"},
				"up": {"uv": [0, 0, 6, 16], "rotation": 180, "texture": "#0"},
				"down": {"uv": [0, 0, 6, 16], "texture": "#0"}
			}
		}
	],
	"display": {
		"thirdperson_righthand": {
			"rotation": [75, 45, 0],
			"translation": [0, 2.5, 0],
			"scale": [0.375, 0.375, 0.375]
		},
		"thirdperson_lefthand": {
			"rotation": [75, 45, 0],
			"translation": [0, 2.5, 0],
			"scale": [0.375, 0.375, 0.375]
		},
		"firstperson_righthand": {
			"rotation": [0, 135, 0],
			"translation": [0, 3.75, 0],
			"scale": [0.4, 0.4, 0.4]
		},
		"firstperson_lefthand": {
			"rotation": [0, 135, 0],
			"translation": [0, 3.75, 0],
			"scale": [0.4, 0.4, 0.4]
		},
		"ground": {
			"translation": [0, 3, 0],
			"scale": [0.25, 0.25, 0.25]
		},
		"gui": {
			"rotation": [30, 225, 0],
			"scale": [0.625, 0.625, 0.625]
		},
		"head": {
			"translation": [0, 15.25, 0]
		},
		"fixed": {
			"rotation": [-90, 0, 0],
			"translation": [0, 0, -16],
			"scale": [2, 2, 2]
		}
	}
}