{
	"credit": "Made with Blockbench",
	"textures": {
		"4": "block/stripped_oak_log",
		"6": "block/oak_door_bottom",
		"particle": "block/oak_planks"
	},
	"elements": [
		{
			"from": [2, 2, 7],
			"to": [8, 14, 9],
			"rotation": {"angle": 0, "axis": "y", "origin": [0, 0, 7]},
			"faces": {
				"north": {"uv": [8, 2, 14, 14], "texture": "#6"},
				"east": {"uv": [13, 2, 15, 14], "texture": "#6"},
				"south": {"uv": [2, 2, 8, 14], "texture": "#6"},
				"west": {"uv": [2, 0, 0, 12], "texture": "#6"},
				"up": {"uv": [1, 13, 7, 15], "texture": "#6"},
				"down": {"uv": [2, 1, 8, 3], "texture": "#6"}
			}
		},
		{
			"from": [0, 1, 5],
			"to": [2, 15, 11],
			"rotation": {"angle": 0, "axis": "y", "origin": [0, 0, 7]},
			"faces": {
				"north": {"uv": [0, 0, 2, 14], "texture": "#4"},
				"east": {"uv": [0, 0, 6, 14], "texture": "#4"},
				"south": {"uv": [0, 0, 2, 14], "texture": "#4"},
				"west": {"uv": [0, 0, 6, 14], "texture": "#4"},
				"up": {"uv": [0, 0, 2, 6], "texture": "#4"},
				"down": {"uv": [0, 0, 2, 6], "texture": "#4"}
			}
		},
		{
			"from": [8, 2, 7],
			"to": [14, 14, 9],
			"rotation": {"angle": 0, "axis": "y", "origin": [14, 0, 7]},
			"faces": {
				"north": {"uv": [2, 2, 8, 14], "texture": "#6"},
				"east": {"uv": [0, 0, 2, 12], "texture": "#6"},
				"south": {"uv": [8, 2, 14, 14], "texture": "#6"},
				"west": {"uv": [13, 2, 15, 14], "texture": "#6"},
				"up": {"uv": [8, 13, 14, 15], "texture": "#6"},
				"down": {"uv": [8, 1, 14, 3], "texture": "#6"}
			}
		},
		{
			"from": [14, 1, 5],
			"to": [16, 15, 11],
			"rotation": {"angle": 0, "axis": "y", "origin": [14, 0, 7]},
			"faces": {
				"north": {"uv": [0, 0, 2, 14], "texture": "#4"},
				"east": {"uv": [0, 0, 6, 14], "texture": "#4"},
				"south": {"uv": [0, 0, 2, 14], "texture": "#4"},
				"west": {"uv": [0, 0, 6, 14], "texture": "#4"},
				"up": {"uv": [0, 0, 2, 6], "texture": "#4"},
				"down": {"uv": [0, 0, 2, 6], "texture": "#4"}
			}
		}
	],
	"display": {
		"thirdperson_righthand": {
			"rotation": [75, 45, 0],
			"translation": [0, 2.5, 0],
			"scale": [0.375, 0.375, 0.375]
		},
		"thirdperson_lefthand": {
			"rotation": [75, 45, 0],
			"translation": [0, 2.5, 0],
			"scale": [0.375, 0.375, 0.375]
		},
		"firstperson_righthand": {
			"rotation": [0, 135, 0],
			"translation": [0, 3.75, 0],
			"scale": [0.4, 0.4, 0.4]
		},
		"firstperson_lefthand": {
			"rotation": [0, 135, 0],
			"translation": [0, 3.75, 0],
			"scale": [0.4, 0.4, 0.4]
		},
		"ground": {
			"translation": [0, 3, 0],
			"scale": [0.25, 0.25, 0.25]
		},
		"gui": {
			"rotation": [30, 225, 0],
			"scale": [0.625, 0.625, 0.625]
		},
		"head": {
			"translation": [0, 15.25, 0]
		},
		"fixed": {
			"rotation": [-90, 0, 0],
			"translation": [0, 0, -16],
			"scale": [2, 2, 2]
		}
	}
}