{
	"credit": "Made with Blockbench",
	"textures": {
		"1": "block/oak_log",
		"2": "block/oak_log_top",
		"9": "block/oak_leaves",
		"particle": "block/oak_planks"
	},
	"elements": [
		{
			"from": [6, -1, 6],
			"to": [10, 15, 10],
			"rotation": {"angle": 0, "axis": "y", "origin": [7, 0, 7]},
			"faces": {
				"north": {"uv": [0, 0, 4, 16], "texture": "#1"},
				"east": {"uv": [0, 0, 4, 16], "texture": "#1"},
				"south": {"uv": [0, 0, 4, 16], "texture": "#1"},
				"west": {"uv": [0, 0, 4, 16], "texture": "#1"},
				"up": {"uv": [6, 6, 10, 10], "texture": "#2"},
				"down": {"uv": [6, 6, 10, 10], "texture": "#2"}
			}
		},
		{
			"from": [3, 11, 3],
			"to": [13, 16, 13],
			"rotation": {"angle": 0, "axis": "y", "origin": [7, 8, 7]},
			"faces": {
				"north": {"uv": [2, 0, 12, 5], "texture": "#9", "tintindex": 1},
				"east": {"uv": [2, 0, 12, 5], "texture": "#9", "tintindex": 1},
				"south": {"uv": [2, 0, 12, 5], "texture": "#9", "tintindex": 1},
				"west": {"uv": [2, 0, 12, 5], "texture": "#9", "tintindex": 1},
				"up": {"uv": [2, 2, 12, 12], "texture": "#9", "tintindex": 1},
				"down": {"uv": [0, 0, 10, 10], "texture": "#9", "tintindex": 1}
			}
		},
		{
			"from": [3, 2, 13],
			"to": [13, 12, 17],
			"rotation": {"angle": 0, "axis": "y", "origin": [7, 1, 7]},
			"faces": {
				"north": {"uv": [0, 0, 10, 10], "texture": "#9", "tintindex": 1},
				"east": {"uv": [0, 0, 4, 10], "texture": "#9", "tintindex": 1},
				"south": {"uv": [0, 0, 10, 10], "texture": "#9", "tintindex": 1},
				"west": {"uv": [0, 0, 4, 10], "texture": "#9", "tintindex": 1},
				"up": {"uv": [0, 0, 10, 4], "texture": "#9", "tintindex": 1},
				"down": {"uv": [0, 0, 10, 4], "texture": "#9", "tintindex": 1}
			}
		},
		{
			"from": [3, 2, -1],
			"to": [13, 12, 3],
			"rotation": {"angle": 0, "axis": "y", "origin": [7, 1, 7]},
			"faces": {
				"north": {"uv": [0, 0, 10, 10], "texture": "#9", "tintindex": 1},
				"east": {"uv": [0, 0, 4, 10], "texture": "#9", "tintindex": 1},
				"south": {"uv": [0, 0, 10, 10], "texture": "#9", "tintindex": 1},
				"west": {"uv": [0, 0, 4, 10], "texture": "#9", "tintindex": 1},
				"up": {"uv": [0, 0, 10, 4], "texture": "#9", "tintindex": 1},
				"down": {"uv": [0, 0, 10, 4], "texture": "#9", "tintindex": 1}
			}
		},
		{
			"from": [1, 3, 1],
			"to": [15, 11, 15],
			"rotation": {"angle": 0, "axis": "y", "origin": [7, 1, 7]},
			"faces": {
				"north": {"uv": [0, 0, 14, 8], "texture": "#9", "tintindex": 1},
				"east": {"uv": [0, 0, 14, 8], "texture": "#9", "tintindex": 1},
				"south": {"uv": [0, 0, 14, 8], "texture": "#9", "tintindex": 1},
				"west": {"uv": [0, 0, 14, 8], "texture": "#9", "tintindex": 1},
				"up": {"uv": [0, 0, 14, 14], "texture": "#9", "tintindex": 1},
				"down": {"uv": [0, 0, 14, 14], "texture": "#9", "tintindex": 1}
			}
		},
		{
			"from": [-1, 2, 3],
			"to": [3, 12, 13],
			"rotation": {"angle": 0, "axis": "y", "origin": [7, 1, 7]},
			"faces": {
				"north": {"uv": [0, 0, 4, 10], "texture": "#9", "tintindex": 1},
				"east": {"uv": [0, 0, 10, 10], "texture": "#9", "tintindex": 1},
				"south": {"uv": [0, 0, 4, 10], "texture": "#9", "tintindex": 1},
				"west": {"uv": [0, 0, 10, 10], "texture": "#9", "tintindex": 1},
				"up": {"uv": [0, 0, 4, 10], "texture": "#9", "tintindex": 1},
				"down": {"uv": [0, 0, 4, 10], "texture": "#9", "tintindex": 1}
			}
		},
		{
			"from": [13, 2, 3],
			"to": [17, 12, 13],
			"rotation": {"angle": 0, "axis": "y", "origin": [7, 1, 7]},
			"faces": {
				"north": {"uv": [0, 0, 4, 10], "texture": "#9", "tintindex": 1},
				"east": {"uv": [0, 0, 10, 10], "texture": "#9", "tintindex": 1},
				"south": {"uv": [0, 0, 4, 10], "texture": "#9", "tintindex": 1},
				"west": {"uv": [0, 0, 10, 10], "texture": "#9", "tintindex": 1},
				"up": {"uv": [0, 0, 4, 10], "texture": "#9", "tintindex": 1},
				"down": {"uv": [0, 0, 4, 10], "texture": "#9", "tintindex": 1}
			}
		}
	],
	"display": {
		"thirdperson_righthand": {
			"rotation": [75, 45, 0],
			"translation": [0, 2.5, 0],
			"scale": [0.375, 0.375, 0.375]
		},
		"thirdperson_lefthand": {
			"rotation": [75, 45, 0],
			"translation": [0, 2.5, 0],
			"scale": [0.375, 0.375, 0.375]
		},
		"firstperson_righthand": {
			"rotation": [0, 135, 0],
			"translation": [0, 3.75, 0],
			"scale": [0.4, 0.4, 0.4]
		},
		"firstperson_lefthand": {
			"rotation": [0, 135, 0],
			"translation": [0, 3.75, 0],
			"scale": [0.4, 0.4, 0.4]
		},
		"ground": {
			"translation": [0, 3, 0],
			"scale": [0.25, 0.25, 0.25]
		},
		"gui": {
			"rotation": [30, 225, 0],
			"scale": [0.625, 0.625, 0.625]
		},
		"head": {
			"translation": [0, 15.25, 0]
		},
		"fixed": {
			"rotation": [-90, 0, 0],
			"translation": [0, 0, -16],
			"scale": [2, 2, 2]
		}
	}
}