{
	"credit": "Made with Blockbench",
	"texture_size": [32, 32],
	"textures": {
		"2": "block/f091"
	},
	"elements": [
		{
			"from": [5, 0, 5],
			"to": [11, 4, 11],
			"rotation": {"angle": 0, "axis": "y", "origin": [4, -1, 5]},
			"faces": {
				"north": {"uv": [6, 9, 9, 11], "texture": "#2"},
				"east": {"uv": [6, 9, 9, 11], "texture": "#2"},
				"south": {"uv": [6, 9, 9, 11], "texture": "#2"},
				"west": {"uv": [6, 9, 9, 11], "texture": "#2"},
				"up": {"uv": [3, 12, 0, 9], "texture": "#2"},
				"down": {"uv": [12, 0, 9, 3], "texture": "#2"}
			}
		},
		{
			"from": [6, 4, 6],
			"to": [10, 6, 10],
			"rotation": {"angle": 0, "axis": "y", "origin": [4, -1, 5]},
			"faces": {
				"north": {"uv": [11, 8, 13, 9], "texture": "#2"},
				"east": {"uv": [11, 8, 13, 9], "texture": "#2"},
				"south": {"uv": [11, 8, 13, 9], "texture": "#2"},
				"west": {"uv": [11, 8, 13, 9], "texture": "#2"},
				"up": {"uv": [11, 8, 9, 6], "texture": "#2"},
				"down": {"uv": [11, 8, 9, 10], "texture": "#2"}
			}
		},
		{
			"from": [3.65, 4.85, 8],
			"to": [12.65, 13.85, 8],
			"rotation": {"angle": -45, "axis": "z", "origin": [7.4, 8.1, 8]},
			"faces": {
				"north": {"uv": [0, 0, 4.5, 4.5], "texture": "#2", "tintindex": 1},
				"east": {"uv": [0, 0, 0, 4.5], "texture": "#2", "tintindex": 1},
				"south": {"uv": [0, 4.5, 4.5, 9], "texture": "#2", "tintindex": 1},
				"west": {"uv": [0, 0, 0, 4.5], "texture": "#2", "tintindex": 1},
				"up": {"uv": [4.5, 0, 0, 0], "texture": "#2", "tintindex": 1},
				"down": {"uv": [4.5, 0, 0, 0], "texture": "#2", "tintindex": 1}
			}
		},
		{
			"from": [3.65, 4.85, 8],
			"to": [12.65, 13.85, 8],
			"rotation": {"angle": -45, "axis": "z", "origin": [7.4, 8.1, 8]},
			"faces": {
				"north": {"uv": [4.5, 9, 9, 4.5], "rotation": 180, "texture": "#2"},
				"east": {"uv": [0, 0, 0, 4.5], "texture": "#2"},
				"south": {"uv": [4.5, 4.5, 9, 9], "texture": "#2"},
				"west": {"uv": [0, 0, 0, 4.5], "texture": "#2"},
				"up": {"uv": [4.5, 0, 0, 0], "texture": "#2"},
				"down": {"uv": [4.5, 0, 0, 0], "texture": "#2"}
			}
		},
		{
			"from": [4.975, 1, 4.975],
			"to": [11.025, 3, 11.025],
			"rotation": {"angle": 0, "axis": "y", "origin": [6, 0, 6]},
			"faces": {
				"north": {"uv": [9, 10, 12, 11], "texture": "#2", "tintindex": 1},
				"east": {"uv": [9, 10, 12, 11], "texture": "#2", "tintindex": 1},
				"south": {"uv": [9, 10, 12, 11], "texture": "#2", "tintindex": 1},
				"west": {"uv": [9, 10, 12, 11], "texture": "#2", "tintindex": 1}
			}
		}
	],
	"display": {
		"thirdperson_righthand": {
			"rotation": [75, 45, 0],
			"translation": [0, 2.5, 0],
			"scale": [0.375, 0.375, 0.375]
		},
		"thirdperson_lefthand": {
			"rotation": [75, 45, 0],
			"translation": [0, 2.5, 0],
			"scale": [0.375, 0.375, 0.375]
		},
		"firstperson_righthand": {
			"rotation": [0, 135, 0],
			"translation": [0, 3.75, 0],
			"scale": [0.4, 0.4, 0.4]
		},
		"firstperson_lefthand": {
			"rotation": [0, 135, 0],
			"translation": [0, 3.75, 0],
			"scale": [0.4, 0.4, 0.4]
		},
		"ground": {
			"translation": [0, 3, 0],
			"scale": [0.25, 0.25, 0.25]
		},
		"gui": {
			"rotation": [30, 225, 0],
			"scale": [0.625, 0.625, 0.625]
		},
		"head": {
			"translation": [0, 15.25, 0]
		},
		"fixed": {
			"rotation": [-90, 0, 0],
			"translation": [0, 0, -16],
			"scale": [2, 2, 2]
		}
	}
}