{
	"credit": "Made with Blockbench",
	"texture_size": [32, 32],
	"textures": {
		"0": "block/f093",
		"particle": "block/f093"
	},
	"elements": [
		{
			"from": [3.5, 0.1, 2],
			"to": [12.5, 0.1, 15],
			"rotation": {"angle": 0, "axis": "y", "origin": [7.5, 0.1, 12]},
			"faces": {
				"north": {"uv": [0, 0, 4.5, 0], "texture": "#0"},
				"east": {"uv": [0, 0, 6.5, 0], "texture": "#0"},
				"south": {"uv": [0, 0, 4.5, 0], "texture": "#0"},
				"west": {"uv": [0, 0, 6.5, 0], "texture": "#0"},
				"up": {"uv": [4.5, 6.5, 0, 0], "texture": "#0"},
				"down": {"uv": [9, 0, 4.5, 6.5], "texture": "#0"}
			}
		},
		{
			"from": [9, 0.2, 0.5],
			"to": [14, 0.2, 5.5],
			"rotation": {"angle": 0, "axis": "y", "origin": [9, -0.05, 3.5]},
			"faces": {
				"north": {"uv": [0, 0, 2.5, 0], "texture": "#missing"},
				"east": {"uv": [0, 0, 2.5, 0], "texture": "#missing"},
				"south": {"uv": [0, 0, 2.5, 0], "texture": "#missing"},
				"west": {"uv": [0, 0, 2.5, 0], "texture": "#missing"},
				"up": {"uv": [9, 0, 11.5, 2.5], "texture": "#0", "tintindex": 1},
				"down": {"uv": [9, 4, 11.5, 6.5], "texture": "#0", "tintindex": 1}
			}
		}
	],
	"display": {
		"thirdperson_righthand": {
			"rotation": [75, 45, 0],
			"translation": [0, 2.5, 0],
			"scale": [0.375, 0.375, 0.375]
		},
		"thirdperson_lefthand": {
			"rotation": [75, 45, 0],
			"translation": [0, 2.5, 0],
			"scale": [0.375, 0.375, 0.375]
		},
		"firstperson_righthand": {
			"rotation": [-105.09, 13.19, 151.16],
			"translation": [-1.25, 6.5, 3.5]
		},
		"firstperson_lefthand": {
			"rotation": [-105.09, 13.19, 151.16],
			"translation": [-1.25, 6.5, 3.5]
		},
		"ground": {
			"translation": [0, 3, 0],
			"scale": [0.25, 0.25, 0.25]
		},
		"gui": {
			"rotation": [30, 225, 0],
			"scale": [0.625, 0.625, 0.625]
		},
		"head": {
			"translation": [0, 15.25, 0]
		},
		"fixed": {
			"rotation": [-90, 0, 0],
			"translation": [0, 0, -16],
			"scale": [2, 2, 2]
		}
	}
}