{
	"credit": "Made with Blockbench",
	"parent": "f101",
	"texture_size": [32, 32],
	"textures": {
		"1": "block/quartz_block_side",
		"2": "block/quartz_block_bottom",
		"3": "block/f111",
		"particle": "block/quartz_block_bottom"
	},
	"elements": [
		{
			"from": [3.67652, 3, 7.30913],
			"to": [13.67652, 5, 12.30913],
			"rotation": {"angle": -22.5, "axis": "y", "origin": [8.01783, 4.25, 7.49131]},
			"faces": {
				"north": {"uv": [0, 5, 5, 6], "texture": "#3"},
				"east": {"uv": [4, 8.5, 6.5, 9.5], "texture": "#3"},
				"south": {"uv": [5, 0, 10, 1], "texture": "#3"},
				"west": {"uv": [4, 7.5, 6.5, 8.5], "texture": "#3"},
				"up": {"uv": [2.5, 5, 0, 0], "rotation": 270, "texture": "#3"},
				"down": {"uv": [5, 0, 2.5, 5], "rotation": 90, "texture": "#3"}
			}
		},
		{
			"from": [9.31549, 3, 6.48849],
			"to": [12.31549, 6, 10.48849],
			"rotation": {"angle": 0, "axis": "y", "origin": [8.01783, 4.25, 7.49131]},
			"faces": {
				"north": {"uv": [6.5, 8.5, 8, 10], "texture": "#3"},
				"east": {"uv": [7, 1, 9, 2.5], "texture": "#3"},
				"south": {"uv": [8, 8.5, 9.5, 10], "texture": "#3"},
				"west": {"uv": [5, 6, 7, 7.5], "texture": "#3"},
				"up": {"uv": [9, 4, 7, 2.5], "rotation": 270, "texture": "#3"},
				"down": {"uv": [9, 4, 7, 5.5], "rotation": 90, "texture": "#3"}
			}
		},
		{
			"from": [3.31549, 3, 5.48849],
			"to": [8.31549, 6, 9.48849],
			"rotation": {"angle": 0, "axis": "y", "origin": [8.01783, 4.25, 7.49131]},
			"faces": {
				"north": {"uv": [0, 6, 2.5, 7.5], "texture": "#3"},
				"east": {"uv": [7, 7, 9, 8.5], "texture": "#3"},
				"south": {"uv": [2.5, 6, 5, 7.5], "texture": "#3"},
				"west": {"uv": [7, 5.5, 9, 7], "texture": "#3"},
				"up": {"uv": [7, 3.5, 5, 1], "rotation": 270, "texture": "#3"},
				"down": {"uv": [7, 3.5, 5, 6], "rotation": 90, "texture": "#3"}
			}
		},
		{
			"from": [6.05928, 3, 1.75486],
			"to": [9.05928, 5, 5.75486],
			"rotation": {"angle": 22.5, "axis": "y", "origin": [8.01783, 4.25, 7.49131]},
			"faces": {
				"north": {"uv": [2, 9, 3.5, 10], "texture": "#3"},
				"east": {"uv": [9, 1, 11, 2], "texture": "#3"},
				"south": {"uv": [9, 2, 10.5, 3], "texture": "#3"},
				"west": {"uv": [0, 9, 2, 10], "texture": "#3"},
				"up": {"uv": [2, 9, 0, 7.5], "rotation": 270, "texture": "#3"},
				"down": {"uv": [4, 7.5, 2, 9], "rotation": 90, "texture": "#3"}
			}
		},
		{
			"from": [2, 1, 2],
			"to": [14, 3, 14],
			"faces": {
				"north": {"uv": [2, 0, 14, 2], "texture": "#1", "tintindex": 1},
				"east": {"uv": [2, 0, 14, 2], "texture": "#1", "tintindex": 1},
				"south": {"uv": [2, 0, 14, 2], "texture": "#1", "tintindex": 1},
				"west": {"uv": [2, 0, 14, 2], "texture": "#1", "tintindex": 1},
				"up": {"uv": [2, 2, 14, 14], "texture": "#2"},
				"down": {"uv": [2, 2, 14, 14], "texture": "#2", "tintindex": 1}
			}
		},
		{
			"from": [3, 0, 3],
			"to": [13, 1, 13],
			"rotation": {"angle": 0, "axis": "y", "origin": [0, -2, 0]},
			"faces": {
				"north": {"uv": [3, 0, 13, 1], "texture": "#1", "tintindex": 1},
				"east": {"uv": [3, 0, 13, 1], "texture": "#1", "tintindex": 1},
				"south": {"uv": [3, 0, 13, 1], "texture": "#1", "tintindex": 1},
				"west": {"uv": [3, 0, 13, 1], "texture": "#1", "tintindex": 1},
				"down": {"uv": [3, 3, 13, 13], "texture": "#2"}
			}
		}
	],
	"display": {
		"thirdperson_righthand": {
			"rotation": [75, 45, 0],
			"translation": [0, 2.5, 0],
			"scale": [0.375, 0.375, 0.375]
		},
		"thirdperson_lefthand": {
			"rotation": [75, 45, 0],
			"translation": [0, 2.5, 0],
			"scale": [0.375, 0.375, 0.375]
		},
		"firstperson_righthand": {
			"rotation": [0, 135, 0],
			"translation": [0, 3.75, 0],
			"scale": [0.4, 0.4, 0.4]
		},
		"firstperson_lefthand": {
			"rotation": [0, 135, 0],
			"translation": [0, 3.75, 0],
			"scale": [0.4, 0.4, 0.4]
		},
		"ground": {
			"translation": [0, 3, 0],
			"scale": [0.25, 0.25, 0.25]
		},
		"gui": {
			"rotation": [30, 225, 0],
			"scale": [0.625, 0.625, 0.625]
		},
		"head": {
			"translation": [0, 15.25, 0]
		},
		"fixed": {
			"rotation": [-90, 0, 0],
			"translation": [0, 0, -16],
			"scale": [2, 2, 2]
		}
	}
}