{
	"credit": "Made with Blockbench",
	"parent": "f101",
	"textures": {
		"1": "block/quartz_block_side",
		"2": "block/quartz_block_bottom",
		"3": "block/f115",
		"particle": "block/quartz_block_bottom"
	},
	"elements": [
		{
			"from": [7, 3, 6.9197],
			"to": [13, 4, 12.9197],
			"rotation": {"angle": 0, "axis": "y", "origin": [8, 3.83, 7.95985]},
			"faces": {
				"north": {"uv": [6, 2, 12, 3], "texture": "#3"},
				"east": {"uv": [6, 3, 12, 4], "texture": "#3"},
				"south": {"uv": [6, 0, 12, 1], "texture": "#3"},
				"west": {"uv": [6, 1, 12, 2], "texture": "#3"},
				"up": {"uv": [6, 6, 0, 0], "rotation": 180, "texture": "#3"},
				"down": {"uv": [6, 6, 0, 12], "rotation": 180, "texture": "#3"}
			}
		},
		{
			"from": [3, 4.38487, 3.27547],
			"to": [9, 5.38487, 9.27547],
			"rotation": {"angle": -22.5, "axis": "x", "origin": [8, 3.83, 7.95985]},
			"faces": {
				"north": {"uv": [6, 3, 12, 4], "texture": "#3"},
				"east": {"uv": [6, 0, 12, 1], "texture": "#3"},
				"south": {"uv": [6, 1, 12, 2], "texture": "#3"},
				"west": {"uv": [6, 2, 12, 3], "texture": "#3"},
				"up": {"uv": [6, 6, 0, 0], "rotation": 90, "texture": "#3"},
				"down": {"uv": [6, 6, 0, 12], "rotation": 270, "texture": "#3"}
			}
		},
		{
			"from": [2, 1, 2],
			"to": [14, 3, 14],
			"faces": {
				"north": {"uv": [2, 0, 14, 2], "texture": "#1", "tintindex": 1},
				"east": {"uv": [2, 0, 14, 2], "texture": "#1", "tintindex": 1},
				"south": {"uv": [2, 0, 14, 2], "texture": "#1", "tintindex": 1},
				"west": {"uv": [2, 0, 14, 2], "texture": "#1", "tintindex": 1},
				"up": {"uv": [2, 2, 14, 14], "texture": "#2"},
				"down": {"uv": [2, 2, 14, 14], "texture": "#2", "tintindex": 1}
			}
		},
		{
			"from": [3, 0, 3],
			"to": [13, 1, 13],
			"rotation": {"angle": 0, "axis": "y", "origin": [0, -2, 0]},
			"faces": {
				"north": {"uv": [3, 0, 13, 1], "texture": "#1", "tintindex": 1},
				"east": {"uv": [3, 0, 13, 1], "texture": "#1", "tintindex": 1},
				"south": {"uv": [3, 0, 13, 1], "texture": "#1", "tintindex": 1},
				"west": {"uv": [3, 0, 13, 1], "texture": "#1", "tintindex": 1},
				"down": {"uv": [3, 3, 13, 13], "texture": "#2"}
			}
		}
	],
	"display": {
		"thirdperson_righthand": {
			"rotation": [75, 45, 0],
			"translation": [0, 2.5, 0],
			"scale": [0.375, 0.375, 0.375]
		},
		"thirdperson_lefthand": {
			"rotation": [75, 45, 0],
			"translation": [0, 2.5, 0],
			"scale": [0.375, 0.375, 0.375]
		},
		"firstperson_righthand": {
			"rotation": [0, 45, 0],
			"translation": [0, 3.75, 0],
			"scale": [0.4, 0.4, 0.4]
		},
		"firstperson_lefthand": {
			"rotation": [0, 225, 0],
			"scale": [0.4, 0.4, 0.4]
		},
		"ground": {
			"translation": [0, 3, 0],
			"scale": [0.25, 0.25, 0.25]
		},
		"gui": {
			"rotation": [30, 225, 0],
			"scale": [0.625, 0.625, 0.625]
		},
		"head": {
			"translation": [0, 15.25, 0]
		},
		"fixed": {
			"rotation": [-90, 0, 0],
			"translation": [0, 0, -16],
			"scale": [2, 2, 2]
		}
	}
}