{
	"credit": "Made with Blockbench",
	"parent": "f101",
	"texture_size": [64, 64],
	"textures": {
		"2": "block/f119"
	},
	"elements": [
		{
			"from": [2, 1, 2],
			"to": [14, 3, 14],
			"faces": {
				"north": {"uv": [8, 2.25, 11, 2.75], "texture": "#2"},
				"east": {"uv": [8, 2.75, 11, 3.25], "texture": "#2"},
				"south": {"uv": [8, 3.25, 11, 3.75], "texture": "#2"},
				"west": {"uv": [8, 3.75, 11, 4.25], "texture": "#2"},
				"up": {"uv": [3, 3, 0, 0], "texture": "#2"},
				"down": {"uv": [3, 3, 0, 6], "texture": "#2"}
			}
		},
		{
			"from": [2, 3, 2],
			"to": [14, 8, 4],
			"faces": {
				"north": {"uv": [5, 2.5, 8, 3.75], "texture": "#2"},
				"east": {"uv": [1, 8.25, 1.5, 9.5], "texture": "#2"},
				"south": {"uv": [5, 3.75, 8, 5], "texture": "#2"},
				"west": {"uv": [1.5, 8.25, 2, 9.5], "texture": "#2"},
				"up": {"uv": [11, 4.75, 8, 4.25], "texture": "#2"},
				"down": {"uv": [11, 4.75, 8, 5.25], "texture": "#2"}
			}
		},
		{
			"from": [2, 3, 12],
			"to": [14, 8, 14],
			"rotation": {"angle": 0, "axis": "y", "origin": [0, 0, 10]},
			"faces": {
				"north": {"uv": [5, 5, 8, 6.25], "texture": "#2"},
				"east": {"uv": [4.75, 8.75, 5.25, 10], "texture": "#2"},
				"south": {"uv": [5.5, 0, 8.5, 1.25], "texture": "#2"},
				"west": {"uv": [5.25, 8.75, 5.75, 10], "texture": "#2"},
				"up": {"uv": [11, 5.75, 8, 5.25], "texture": "#2"},
				"down": {"uv": [11, 5.75, 8, 6.25], "texture": "#2"}
			}
		},
		{
			"from": [12, 3, 4],
			"to": [14, 8, 12],
			"rotation": {"angle": 0, "axis": "y", "origin": [0, 0, 10]},
			"faces": {
				"north": {"uv": [5.75, 8.75, 6.25, 10], "texture": "#2"},
				"east": {"uv": [5.5, 1.25, 7.5, 2.5], "texture": "#2"},
				"south": {"uv": [9, 6.75, 9.5, 8], "texture": "#2"},
				"west": {"uv": [0, 6, 2, 7.25], "texture": "#2"},
				"up": {"uv": [7, 9.5, 6.5, 7.5], "texture": "#2"},
				"down": {"uv": [2.5, 7.75, 2, 9.75], "texture": "#2"}
			}
		},
		{
			"from": [2, 3, 4],
			"to": [4, 8, 12],
			"rotation": {"angle": 0, "axis": "y", "origin": [-10, 0, 10]},
			"faces": {
				"north": {"uv": [7, 9, 7.5, 10.25], "texture": "#2"},
				"east": {"uv": [5, 6.25, 7, 7.5], "texture": "#2"},
				"south": {"uv": [7.5, 9, 8, 10.25], "texture": "#2"},
				"west": {"uv": [2, 6.5, 4, 7.75], "texture": "#2"},
				"up": {"uv": [3, 9.75, 2.5, 7.75], "texture": "#2"},
				"down": {"uv": [3.5, 7.75, 3, 9.75], "texture": "#2"}
			}
		},
		{
			"from": [4, 3, 4],
			"to": [12, 7, 12],
			"rotation": {"angle": 0, "axis": "y", "origin": [-8, 0, 10]},
			"faces": {
				"north": {"uv": [7, 6.25, 9, 7.25], "texture": "#2"},
				"east": {"uv": [0, 7.25, 2, 8.25], "texture": "#2"},
				"south": {"uv": [7, 7.25, 9, 8.25], "texture": "#2"},
				"west": {"uv": [7.5, 1.25, 9.5, 2.25], "texture": "#2"},
				"up": {"uv": [5, 4.5, 3, 2.5], "texture": "#2"},
				"down": {"uv": [5, 4.5, 3, 6.5], "texture": "#2"}
			}
		},
		{
			"from": [3, 0, 3],
			"to": [13, 1, 13],
			"rotation": {"angle": 0, "axis": "y", "origin": [0, -2, 0]},
			"faces": {
				"north": {"uv": [8.5, 0.75, 11, 1], "texture": "#2"},
				"east": {"uv": [8.5, 1, 11, 1.25], "texture": "#2"},
				"south": {"uv": [9, 6.25, 11.5, 6.5], "texture": "#2"},
				"west": {"uv": [9, 6.5, 11.5, 6.75], "texture": "#2"},
				"down": {"uv": [5.5, 0, 3, 2.5], "texture": "#2"}
			}
		},
		{
			"from": [4, 7, 4],
			"to": [8, 9, 8],
			"rotation": {"angle": 0, "axis": "y", "origin": [4, 7, 4]},
			"faces": {
				"north": {"uv": [2, 6, 3, 6.5], "texture": "#2"},
				"east": {"uv": [8, 9, 9, 9.5], "texture": "#2"},
				"south": {"uv": [9, 9, 10, 9.5], "texture": "#2"},
				"west": {"uv": [0, 9.25, 1, 9.75], "texture": "#2"},
				"up": {"uv": [5, 7.5, 4, 6.5], "texture": "#2"},
				"down": {"uv": [1, 8.25, 0, 9.25], "texture": "#2"}
			}
		},
		{
			"from": [7, 7, 7],
			"to": [12, 10, 12],
			"rotation": {"angle": 0, "axis": "y", "origin": [8, 7, 8]},
			"faces": {
				"north": {"uv": [7, 8.25, 8.25, 9], "texture": "#2"},
				"east": {"uv": [8.25, 8.25, 9.5, 9], "texture": "#2"},
				"south": {"uv": [8.5, 0, 9.75, 0.75], "texture": "#2"},
				"west": {"uv": [3.5, 8.75, 4.75, 9.5], "texture": "#2"},
				"up": {"uv": [5.25, 8.75, 4, 7.5], "texture": "#2"},
				"down": {"uv": [6.5, 7.5, 5.25, 8.75], "texture": "#2"}
			}
		},
		{
			"from": [4.5, 7, 9],
			"to": [6.5, 8, 11],
			"rotation": {"angle": 0, "axis": "y", "origin": [8.5, 7, 7]},
			"faces": {
				"north": {"uv": [7.5, 2.25, 8, 2.5], "texture": "#2"},
				"east": {"uv": [9, 8, 9.5, 8.25], "texture": "#2"},
				"south": {"uv": [1.5, 9.5, 2, 9.75], "texture": "#2"},
				"west": {"uv": [9.5, 1.75, 10, 2], "texture": "#2"},
				"up": {"uv": [4, 8.25, 3.5, 7.75], "texture": "#2"},
				"down": {"uv": [4, 8.25, 3.5, 8.75], "texture": "#2"}
			}
		},
		{
			"from": [9.5, 7, 5],
			"to": [11.5, 8, 7],
			"rotation": {"angle": 0, "axis": "y", "origin": [13.5, 7, 3]},
			"faces": {
				"north": {"uv": [9.5, 2, 10, 2.25], "texture": "#2"},
				"east": {"uv": [3.5, 9.5, 4, 9.75], "texture": "#2"},
				"south": {"uv": [4, 9.5, 4.5, 9.75], "texture": "#2"},
				"west": {"uv": [6.25, 9.5, 6.75, 9.75], "texture": "#2"},
				"up": {"uv": [1.5, 10, 1, 9.5], "texture": "#2"},
				"down": {"uv": [10, 1.25, 9.5, 1.75], "texture": "#2"}
			}
		}
	],
	"display": {
		"thirdperson_righthand": {
			"rotation": [75, 45, 0],
			"translation": [0, 2.5, 0],
			"scale": [0.375, 0.375, 0.375]
		},
		"thirdperson_lefthand": {
			"rotation": [75, 45, 0],
			"translation": [0, 2.5, 0],
			"scale": [0.375, 0.375, 0.375]
		},
		"firstperson_righthand": {
			"rotation": [0, 135, 0],
			"translation": [0, 3.75, 0],
			"scale": [0.4, 0.4, 0.4]
		},
		"firstperson_lefthand": {
			"rotation": [0, 135, 0],
			"translation": [0, 3.75, 0],
			"scale": [0.4, 0.4, 0.4]
		},
		"ground": {
			"translation": [0, 3, 0],
			"scale": [0.25, 0.25, 0.25]
		},
		"gui": {
			"rotation": [30, 225, 0],
			"scale": [0.625, 0.625, 0.625]
		},
		"head": {
			"translation": [0, 15.25, 0]
		},
		"fixed": {
			"rotation": [-90, 0, 0],
			"translation": [0, 0, -16],
			"scale": [2, 2, 2]
		}
	}
}