{
	"credit": "Made with Blockbench",
	"parent": "f101",
	"texture_size": [64, 64],
	"textures": {
		"2": "block/f120",
		"particle": "block/f120"
	},
	"elements": [
		{
			"from": [2, 1, 2],
			"to": [14, 3, 14],
			"faces": {
				"north": {"uv": [6, 5, 9, 5.5], "texture": "#2"},
				"east": {"uv": [6, 5.5, 9, 6], "texture": "#2"},
				"south": {"uv": [6, 6, 9, 6.5], "texture": "#2"},
				"west": {"uv": [2, 6.25, 5, 6.75], "texture": "#2"},
				"up": {"uv": [3, 3, 0, 0], "texture": "#2"},
				"down": {"uv": [3, 3, 0, 6], "texture": "#2"}
			}
		},
		{
			"from": [2, 3, 2],
			"to": [14, 8, 4],
			"faces": {
				"north": {"uv": [3, 2.5, 6, 3.75], "texture": "#2"},
				"east": {"uv": [5, 7.5, 5.5, 8.75], "texture": "#2"},
				"south": {"uv": [3, 3.75, 6, 5], "texture": "#2"},
				"west": {"uv": [5.5, 7.5, 6, 8.75], "texture": "#2"},
				"up": {"uv": [8, 7, 5, 6.5], "texture": "#2"},
				"down": {"uv": [5, 6.75, 2, 7.25], "texture": "#2"}
			}
		},
		{
			"from": [2, 3, 12],
			"to": [14, 8, 14],
			"rotation": {"angle": 0, "axis": "y", "origin": [0, 0, 10]},
			"faces": {
				"north": {"uv": [3, 5, 6, 6.25], "texture": "#2"},
				"east": {"uv": [6, 7.5, 6.5, 8.75], "texture": "#2"},
				"south": {"uv": [5.5, 0, 8.5, 1.25], "texture": "#2"},
				"west": {"uv": [6.5, 7.5, 7, 8.75], "texture": "#2"},
				"up": {"uv": [8, 7.5, 5, 7], "texture": "#2"},
				"down": {"uv": [3, 7.25, 0, 7.75], "texture": "#2"}
			}
		},
		{
			"from": [12, 3, 4],
			"to": [14, 8, 12],
			"rotation": {"angle": 0, "axis": "y", "origin": [0, 0, 10]},
			"faces": {
				"north": {"uv": [7, 7.5, 7.5, 8.75], "texture": "#2"},
				"east": {"uv": [5.5, 1.25, 7.5, 2.5], "texture": "#2"},
				"south": {"uv": [7.5, 7.5, 8, 8.75], "texture": "#2"},
				"west": {"uv": [0, 6, 2, 7.25], "texture": "#2"},
				"up": {"uv": [3.5, 9.25, 3, 7.25], "texture": "#2"},
				"down": {"uv": [4, 7.25, 3.5, 9.25], "texture": "#2"}
			}
		},
		{
			"from": [2, 3, 4],
			"to": [4, 8, 12],
			"rotation": {"angle": 0, "axis": "y", "origin": [-10, 0, 10]},
			"faces": {
				"north": {"uv": [0, 7.75, 0.5, 9], "texture": "#2"},
				"east": {"uv": [6, 2.5, 8, 3.75], "texture": "#2"},
				"south": {"uv": [0.5, 7.75, 1, 9], "texture": "#2"},
				"west": {"uv": [6, 3.75, 8, 5], "texture": "#2"},
				"up": {"uv": [4.5, 9.25, 4, 7.25], "texture": "#2"},
				"down": {"uv": [5, 7.25, 4.5, 9.25], "texture": "#2"}
			}
		},
		{
			"from": [3, 0, 3],
			"to": [13, 1, 13],
			"rotation": {"angle": 0, "axis": "y", "origin": [0, -2, 0]},
			"faces": {
				"north": {"uv": [7.5, 1.25, 10, 1.5], "texture": "#2"},
				"east": {"uv": [7.5, 1.5, 10, 1.75], "texture": "#2"},
				"south": {"uv": [7.5, 1.75, 10, 2], "texture": "#2"},
				"west": {"uv": [7.5, 2, 10, 2.25], "texture": "#2"},
				"up": {"uv": [0, 0, 0, 0], "texture": "#2"},
				"down": {"uv": [5.5, 0, 3, 2.5], "texture": "#2"}
			}
		}
	],
	"display": {
		"thirdperson_righthand": {
			"rotation": [75, 45, 0],
			"translation": [0, 2.5, 0],
			"scale": [0.375, 0.375, 0.375]
		},
		"thirdperson_lefthand": {
			"rotation": [75, 45, 0],
			"translation": [0, 2.5, 0],
			"scale": [0.375, 0.375, 0.375]
		},
		"firstperson_righthand": {
			"rotation": [0, 135, 0],
			"translation": [0, 3.75, 0],
			"scale": [0.4, 0.4, 0.4]
		},
		"firstperson_lefthand": {
			"rotation": [0, 135, 0],
			"translation": [0, 3.75, 0],
			"scale": [0.4, 0.4, 0.4]
		},
		"ground": {
			"translation": [0, 3, 0],
			"scale": [0.25, 0.25, 0.25]
		},
		"gui": {
			"rotation": [30, 225, 0],
			"scale": [0.625, 0.625, 0.625]
		},
		"head": {
			"translation": [0, 15.25, 0]
		},
		"fixed": {
			"rotation": [-90, 0, 0],
			"translation": [0, 0, -16],
			"scale": [2, 2, 2]
		}
	}
}