{
	"credit": "Made with Blockbench",
	"parent": "f101",
	"textures": {
		"1": "block/barrel_side",
		"2": "block/f124"
	},
	"elements": [
		{
			"from": [12, 10.00657, 13.00657],
			"to": [14, 15.00657, 15.00657],
			"rotation": {"angle": 0, "axis": "y", "origin": [13.7844, 8.7, 14.00657]},
			"faces": {
				"north": {"uv": [0, 4, 2, 9], "texture": "#2", "tintindex": 1},
				"east": {"uv": [2, 4, 4, 9], "texture": "#2", "tintindex": 1},
				"south": {"uv": [4, 4, 6, 9], "texture": "#2", "tintindex": 1},
				"west": {"uv": [6, 0, 8, 5], "texture": "#2", "tintindex": 1},
				"up": {"uv": [10, 5, 8, 3], "texture": "#2", "tintindex": 1},
				"down": {"uv": [5, 9, 3, 11], "texture": "#2", "tintindex": 1}
			}
		},
		{
			"from": [12.5, 7.00657, 14.00657],
			"to": [13.5, 10.00657, 14.00657],
			"rotation": {"angle": 0, "axis": "y", "origin": [13.7844, 8.7, 14.00657]},
			"faces": {
				"north": {"uv": [5, 9, 6, 12], "texture": "#2"},
				"east": {"uv": [0, 0, 0, 3], "texture": "#2"},
				"south": {"uv": [9, 5, 10, 8], "texture": "#2"},
				"west": {"uv": [0, 0, 0, 3], "texture": "#2"},
				"up": {"uv": [1, 0, 0, 0], "texture": "#2"},
				"down": {"uv": [1, 0, 0, 0], "texture": "#2"}
			}
		},
		{
			"from": [6.5, 2.46329, 11.71047],
			"to": [9.5, 5.46329, 12.71047],
			"rotation": {"angle": 22.5, "axis": "x", "origin": [7, -0.53671, 11.71047]},
			"faces": {
				"north": {"uv": [6, 5, 9, 8], "texture": "#2"},
				"east": {"uv": [9, 8, 10, 11], "texture": "#2"},
				"south": {"uv": [8, 0, 11, 3], "texture": "#2"},
				"west": {"uv": [10, 3, 11, 6], "texture": "#2"},
				"up": {"uv": [13, 7, 10, 6], "texture": "#2"},
				"down": {"uv": [13, 7, 10, 8], "texture": "#2"}
			}
		},
		{
			"from": [1.5, 4.46329, 11.71047],
			"to": [4.5, 7.46329, 12.71047],
			"rotation": {"angle": 22.5, "axis": "x", "origin": [2, 1.46329, 11.71047]},
			"faces": {
				"north": {"uv": [6, 8, 9, 11], "texture": "#2"},
				"east": {"uv": [10, 8, 11, 11], "texture": "#2"},
				"south": {"uv": [0, 9, 3, 12], "texture": "#2"},
				"west": {"uv": [11, 0, 12, 3], "texture": "#2"},
				"up": {"uv": [14, 4, 11, 3], "texture": "#2"},
				"down": {"uv": [14, 4, 11, 5], "texture": "#2"}
			}
		},
		{
			"from": [7.5, 5.00657, 14.00657],
			"to": [8.5, 10.00657, 14.00657],
			"rotation": {"angle": 0, "axis": "y", "origin": [8.7844, 8.7, 14.00657]},
			"faces": {
				"north": {"uv": [5, 9, 6, 12], "texture": "#2"},
				"east": {"uv": [0, 0, 0, 3], "texture": "#2"},
				"south": {"uv": [9, 5, 10, 8], "texture": "#2"},
				"west": {"uv": [0, 0, 0, 3], "texture": "#2"},
				"up": {"uv": [1, 0, 0, 0], "texture": "#2"},
				"down": {"uv": [1, 0, 0, 0], "texture": "#2"}
			}
		},
		{
			"from": [7, 10.00657, 13.00657],
			"to": [9, 15.00657, 15.00657],
			"rotation": {"angle": 0, "axis": "y", "origin": [8.7844, 8.7, 14.00657]},
			"faces": {
				"north": {"uv": [0, 4, 2, 9], "texture": "#2", "tintindex": 1},
				"east": {"uv": [2, 4, 4, 9], "texture": "#2", "tintindex": 1},
				"south": {"uv": [4, 4, 6, 9], "texture": "#2", "tintindex": 1},
				"west": {"uv": [6, 0, 8, 5], "texture": "#2", "tintindex": 1},
				"up": {"uv": [10, 5, 8, 3], "texture": "#2", "tintindex": 1},
				"down": {"uv": [5, 9, 3, 11], "texture": "#2", "tintindex": 1}
			}
		},
		{
			"from": [2.5, 7.00657, 14.00657],
			"to": [3.5, 10.00657, 14.00657],
			"rotation": {"angle": 0, "axis": "y", "origin": [3.7844, 8.7, 14.00657]},
			"faces": {
				"north": {"uv": [5, 9, 6, 12], "texture": "#2"},
				"east": {"uv": [0, 0, 0, 3], "texture": "#2"},
				"south": {"uv": [9, 5, 10, 8], "texture": "#2"},
				"west": {"uv": [0, 0, 0, 3], "texture": "#2"},
				"up": {"uv": [1, 0, 0, 0], "texture": "#2"},
				"down": {"uv": [1, 0, 0, 0], "texture": "#2"}
			}
		},
		{
			"from": [2, 10.00657, 13.00657],
			"to": [4, 15.00657, 15.00657],
			"rotation": {"angle": 0, "axis": "y", "origin": [3.7844, 8.7, 14.00657]},
			"faces": {
				"north": {"uv": [0, 4, 2, 9], "texture": "#2", "tintindex": 1},
				"east": {"uv": [2, 4, 4, 9], "texture": "#2", "tintindex": 1},
				"south": {"uv": [4, 4, 6, 9], "texture": "#2", "tintindex": 1},
				"west": {"uv": [6, 0, 8, 5], "texture": "#2", "tintindex": 1},
				"up": {"uv": [10, 5, 8, 3], "texture": "#2", "tintindex": 1},
				"down": {"uv": [5, 9, 3, 11], "texture": "#2", "tintindex": 1}
			}
		},
		{
			"from": [0, 12, 14],
			"to": [16, 14, 16],
			"rotation": {"angle": 0, "axis": "y", "origin": [0, 12, 14]},
			"faces": {
				"north": {"uv": [0, 3, 16, 5], "texture": "#1"},
				"east": {"uv": [1, 3, 3, 5], "texture": "#1"},
				"south": {"uv": [0, 3, 16, 5], "texture": "#1"},
				"west": {"uv": [7, 3, 9, 5], "texture": "#1"},
				"up": {"uv": [0, 3, 16, 5], "texture": "#1"},
				"down": {"uv": [0, 3, 16, 5], "texture": "#1"}
			}
		},
		{
			"from": [11.5, 3, 14],
			"to": [14.5, 7, 14],
			"rotation": {"angle": 0, "axis": "y", "origin": [12, 1, 14]},
			"faces": {
				"north": {"uv": [0, 0, 3, 4], "texture": "#2"},
				"east": {"uv": [0, 0, 0, 4], "texture": "#2"},
				"south": {"uv": [3, 0, 6, 4], "texture": "#2"},
				"west": {"uv": [0, 0, 0, 4], "texture": "#2"},
				"up": {"uv": [3, 0, 0, 0], "texture": "#2"},
				"down": {"uv": [3, 0, 0, 0], "texture": "#2"}
			}
		}
	],
	"display": {
		"thirdperson_righthand": {
			"rotation": [75, 45, 0],
			"translation": [0, 2.5, 0],
			"scale": [0.375, 0.375, 0.375]
		},
		"thirdperson_lefthand": {
			"rotation": [75, 45, 0],
			"translation": [0, 2.5, 0],
			"scale": [0.375, 0.375, 0.375]
		},
		"firstperson_righthand": {
			"rotation": [0, 135, 0],
			"translation": [0, 3.75, 0],
			"scale": [0.4, 0.4, 0.4]
		},
		"firstperson_lefthand": {
			"rotation": [0, 135, 0],
			"translation": [0, 3.75, 0],
			"scale": [0.4, 0.4, 0.4]
		},
		"ground": {
			"translation": [0, 3, 0],
			"scale": [0.25, 0.25, 0.25]
		},
		"gui": {
			"rotation": [30, 225, 0],
			"scale": [0.625, 0.625, 0.625]
		},
		"head": {
			"translation": [0, 15.25, 0]
		},
		"fixed": {
			"rotation": [-90, 0, 0],
			"translation": [0, 0, -16],
			"scale": [2, 2, 2]
		}
	}
}