{
	"credit": "Made with Blockbench",
	"parent": "f101",
	"texture_size": [32, 32],
	"textures": {
		"1": "block/barrel_side",
		"3": "block/f125",
		"particle": "block/f125"
	},
	"elements": [
		{
			"from": [11.5, 10.00657, 13.00657],
			"to": [13.5, 15.00657, 15.00657],
			"rotation": {"angle": 0, "axis": "y", "origin": [13.2844, 8.7, 14.00657]},
			"faces": {
				"north": {"uv": [7, 7, 8, 9.5], "texture": "#3", "tintindex": 1},
				"east": {"uv": [0, 8, 1, 10.5], "texture": "#3", "tintindex": 1},
				"south": {"uv": [1, 8, 2, 10.5], "texture": "#3", "tintindex": 1},
				"west": {"uv": [8, 1, 9, 3.5], "texture": "#3", "tintindex": 1},
				"up": {"uv": [3, 9, 2, 8], "texture": "#3", "tintindex": 1},
				"down": {"uv": [4, 8, 3, 9], "texture": "#3", "tintindex": 1}
			}
		},
		{
			"from": [0.5, 1, 13],
			"to": [8.5, 9, 15],
			"rotation": {"angle": 0, "axis": "y", "origin": [3.5, 8, 13]},
			"faces": {
				"north": {"uv": [0, 0, 4, 4], "texture": "#3"},
				"east": {"uv": [4, 6, 5, 10], "texture": "#3"},
				"south": {"uv": [0, 4, 4, 8], "texture": "#3"},
				"west": {"uv": [5, 6, 6, 10], "texture": "#3"},
				"up": {"uv": [10, 7, 6, 6], "texture": "#3"},
				"down": {"uv": [11, 0, 7, 1], "texture": "#3"}
			}
		},
		{
			"from": [4, 9, 13.5],
			"to": [5, 10, 14.5],
			"rotation": {"angle": 0, "axis": "y", "origin": [3.5, 8, 13.5]},
			"faces": {
				"north": {"uv": [8.5, 7.5, 9, 8], "texture": "#3"},
				"east": {"uv": [8, 8.5, 8.5, 9], "texture": "#3"},
				"south": {"uv": [8.5, 8, 9, 8.5], "texture": "#3"},
				"west": {"uv": [8.5, 8.5, 9, 9], "texture": "#3"},
				"up": {"uv": [9.5, 1.5, 9, 1], "texture": "#3"},
				"down": {"uv": [9.5, 1.5, 9, 2], "texture": "#3"}
			}
		},
		{
			"from": [3.5, 10.00657, 13.00657],
			"to": [5.5, 15.00657, 15.00657],
			"rotation": {"angle": 0, "axis": "y", "origin": [5.2844, 8.7, 14.00657]},
			"faces": {
				"north": {"uv": [7, 7, 8, 9.5], "texture": "#3", "tintindex": 1},
				"east": {"uv": [0, 8, 1, 10.5], "texture": "#3", "tintindex": 1},
				"south": {"uv": [1, 8, 2, 10.5], "texture": "#3", "tintindex": 1},
				"west": {"uv": [8, 1, 9, 3.5], "texture": "#3", "tintindex": 1},
				"up": {"uv": [3, 9, 2, 8], "texture": "#3", "tintindex": 1},
				"down": {"uv": [4, 8, 3, 9], "texture": "#3", "tintindex": 1}
			}
		},
		{
			"from": [0, 12, 14],
			"to": [16, 14, 16],
			"rotation": {"angle": 0, "axis": "y", "origin": [0, 12, 14]},
			"faces": {
				"north": {"uv": [0, 3, 16, 5], "texture": "#1"},
				"east": {"uv": [1, 3, 3, 5], "texture": "#1"},
				"south": {"uv": [0, 3, 16, 5], "texture": "#1"},
				"west": {"uv": [7, 3, 9, 5], "texture": "#1"},
				"up": {"uv": [0, 3, 16, 5], "texture": "#1"},
				"down": {"uv": [0, 3, 16, 5], "texture": "#1"}
			}
		},
		{
			"from": [12, 9, 13.5],
			"to": [13, 10, 14.5],
			"rotation": {"angle": 0, "axis": "y", "origin": [11.5, 8, 13.5]},
			"faces": {
				"north": {"uv": [8, 3.5, 8.5, 4], "texture": "#3"},
				"east": {"uv": [8, 7, 8.5, 7.5], "texture": "#3"},
				"south": {"uv": [8, 7.5, 8.5, 8], "texture": "#3"},
				"west": {"uv": [8, 8, 8.5, 8.5], "texture": "#3"},
				"up": {"uv": [9, 4, 8.5, 3.5], "texture": "#3"},
				"down": {"uv": [9, 7, 8.5, 7.5], "texture": "#3"}
			}
		},
		{
			"from": [9.5, 3, 13],
			"to": [15.5, 9, 15],
			"rotation": {"angle": 0, "axis": "y", "origin": [11.5, 8, 13]},
			"faces": {
				"north": {"uv": [4, 0, 7, 3], "texture": "#3"},
				"east": {"uv": [7, 1, 8, 4], "texture": "#3"},
				"south": {"uv": [4, 3, 7, 6], "texture": "#3"},
				"west": {"uv": [6, 7, 7, 10], "texture": "#3"},
				"up": {"uv": [10, 5, 7, 4], "texture": "#3"},
				"down": {"uv": [10, 5, 7, 6], "texture": "#3"}
			}
		}
	],
	"display": {
		"thirdperson_righthand": {
			"rotation": [75, 45, 0],
			"translation": [0, 2.5, 0],
			"scale": [0.375, 0.375, 0.375]
		},
		"thirdperson_lefthand": {
			"rotation": [75, 45, 0],
			"translation": [0, 2.5, 0],
			"scale": [0.375, 0.375, 0.375]
		},
		"firstperson_righthand": {
			"rotation": [0, 135, 0],
			"translation": [0, 3.75, 0],
			"scale": [0.4, 0.4, 0.4]
		},
		"firstperson_lefthand": {
			"rotation": [0, 135, 0],
			"translation": [0, 3.75, 0],
			"scale": [0.4, 0.4, 0.4]
		},
		"ground": {
			"translation": [0, 3, 0],
			"scale": [0.25, 0.25, 0.25]
		},
		"gui": {
			"rotation": [30, 225, 0],
			"scale": [0.625, 0.625, 0.625]
		},
		"head": {
			"translation": [0, 15.25, 0]
		},
		"fixed": {
			"rotation": [-90, 0, 0],
			"translation": [0, 0, -16],
			"scale": [2, 2, 2]
		}
	}
}