{
	"credit": "Made with Blockbench",
	"parent": "f101",
	"texture_size": [64, 64],
	"textures": {
		"1": "block/stripped_oak_log",
		"4": "block/f126",
		"5": "block/f127",
		"particle": "block/stripped_oak_log"
	},
	"elements": [
		{
			"from": [1.1, -16, 1.1],
			"to": [3, -0.025, 3],
			"rotation": {"angle": 0, "axis": "y", "origin": [1, -16, 1]},
			"faces": {
				"north": {"uv": [0, 0, 2, 16], "texture": "#1"},
				"east": {"uv": [0, 0, 2, 16], "texture": "#1"},
				"south": {"uv": [0, 0, 2, 16], "texture": "#1"},
				"west": {"uv": [0, 0, 2, 16], "texture": "#1"},
				"up": {"uv": [0, 0, 2, 2], "texture": "#1"},
				"down": {"uv": [0, 0, 2, 2], "texture": "#1"}
			}
		},
		{
			"from": [0.025, -3, 1.5],
			"to": [15.975, -1, 2.5],
			"rotation": {"angle": 0, "axis": "z", "origin": [16, -3, 1]},
			"faces": {
				"north": {"uv": [0, 0, 2, 16], "rotation": 90, "texture": "#1"},
				"east": {"uv": [0, 0, 2, 1], "rotation": 270, "texture": "#1"},
				"south": {"uv": [0, 0, 2, 16], "rotation": 270, "texture": "#1"},
				"west": {"uv": [0, 0, 2, 1], "rotation": 270, "texture": "#1"},
				"up": {"uv": [0, 0, 1, 16], "rotation": 270, "texture": "#1"},
				"down": {"uv": [0, 0, 1, 16], "rotation": 270, "texture": "#1"}
			}
		},
		{
			"from": [0.025, -3, 13.5],
			"to": [15.975, -1, 14.5],
			"rotation": {"angle": 0, "axis": "y", "origin": [16, -3, 13]},
			"faces": {
				"north": {"uv": [0, 0, 2, 16], "rotation": 90, "texture": "#1"},
				"east": {"uv": [0, 0, 2, 1], "rotation": 270, "texture": "#1"},
				"south": {"uv": [0, 0, 2, 16], "rotation": 270, "texture": "#1"},
				"west": {"uv": [0, 0, 2, 1], "rotation": 270, "texture": "#1"},
				"up": {"uv": [0, 0, 1, 16], "rotation": 270, "texture": "#1"},
				"down": {"uv": [0, 0, 1, 16], "rotation": 270, "texture": "#1"}
			}
		},
		{
			"from": [0.025, -14, 1.5],
			"to": [15.975, -12, 2.5],
			"rotation": {"angle": 0, "axis": "y", "origin": [16, -14, 1]},
			"faces": {
				"north": {"uv": [0, 0, 2, 16], "rotation": 90, "texture": "#1"},
				"east": {"uv": [0, 0, 2, 1], "rotation": 270, "texture": "#1"},
				"south": {"uv": [0, 0, 2, 16], "rotation": 270, "texture": "#1"},
				"west": {"uv": [0, 0, 2, 1], "rotation": 270, "texture": "#1"},
				"up": {"uv": [0, 0, 1, 16], "rotation": 270, "texture": "#1"},
				"down": {"uv": [0, 0, 1, 16], "rotation": 270, "texture": "#1"}
			}
		},
		{
			"from": [0.025, -14, 13.5],
			"to": [15.975, -12, 14.5],
			"rotation": {"angle": 0, "axis": "y", "origin": [16, -14, 13]},
			"faces": {
				"north": {"uv": [0, 0, 2, 16], "rotation": 90, "texture": "#1"},
				"east": {"uv": [0, 0, 2, 1], "rotation": 270, "texture": "#1"},
				"south": {"uv": [0, 0, 2, 16], "rotation": 270, "texture": "#1"},
				"west": {"uv": [0, 0, 2, 1], "rotation": 270, "texture": "#1"},
				"up": {"uv": [0, 0, 1, 16], "rotation": 270, "texture": "#1"},
				"down": {"uv": [0, 0, 1, 16], "rotation": 270, "texture": "#1"}
			}
		},
		{
			"from": [1.5, -3, 0.025],
			"to": [2.5, -1, 15.975],
			"rotation": {"angle": 0, "axis": "y", "origin": [8, -7.5, 8]},
			"faces": {
				"north": {"uv": [0, 0, 2, 1], "rotation": 270, "texture": "#1"},
				"east": {"uv": [0, 0, 2, 16], "rotation": 90, "texture": "#1"},
				"south": {"uv": [0, 0, 2, 1], "rotation": 270, "texture": "#1"},
				"west": {"uv": [0, 0, 2, 16], "rotation": 270, "texture": "#1"},
				"up": {"uv": [0, 0, 1, 16], "texture": "#1"},
				"down": {"uv": [0, 0, 1, 16], "rotation": 180, "texture": "#1"}
			}
		},
		{
			"from": [13.5, -3, 0.025],
			"to": [14.5, -1, 15.975],
			"rotation": {"angle": 0, "axis": "y", "origin": [8, -7.5, 8]},
			"faces": {
				"north": {"uv": [0, 0, 2, 1], "rotation": 270, "texture": "#1"},
				"east": {"uv": [0, 0, 2, 16], "rotation": 90, "texture": "#1"},
				"south": {"uv": [0, 0, 2, 1], "rotation": 270, "texture": "#1"},
				"west": {"uv": [0, 0, 2, 16], "rotation": 270, "texture": "#1"},
				"up": {"uv": [0, 0, 1, 16], "texture": "#1"},
				"down": {"uv": [0, 0, 1, 16], "rotation": 180, "texture": "#1"}
			}
		},
		{
			"from": [13.5, -14, 0.025],
			"to": [14.5, -12, 15.975],
			"rotation": {"angle": 0, "axis": "y", "origin": [8, -7.5, 8]},
			"faces": {
				"north": {"uv": [0, 0, 2, 1], "rotation": 270, "texture": "#1"},
				"east": {"uv": [0, 0, 2, 16], "rotation": 90, "texture": "#1"},
				"south": {"uv": [0, 0, 2, 1], "rotation": 270, "texture": "#1"},
				"west": {"uv": [0, 0, 2, 16], "rotation": 270, "texture": "#1"},
				"up": {"uv": [0, 0, 1, 16], "texture": "#1"},
				"down": {"uv": [0, 0, 1, 16], "rotation": 180, "texture": "#1"}
			}
		},
		{
			"from": [1.5, -14, 0.025],
			"to": [2.5, -12, 15.975],
			"rotation": {"angle": 0, "axis": "y", "origin": [8, -7.5, 8]},
			"faces": {
				"north": {"uv": [0, 0, 2, 1], "rotation": 270, "texture": "#1"},
				"east": {"uv": [0, 0, 2, 16], "rotation": 90, "texture": "#1"},
				"south": {"uv": [0, 0, 2, 1], "rotation": 270, "texture": "#1"},
				"west": {"uv": [0, 0, 2, 16], "rotation": 270, "texture": "#1"},
				"up": {"uv": [0, 0, 1, 16], "texture": "#1"},
				"down": {"uv": [0, 0, 1, 16], "rotation": 180, "texture": "#1"}
			}
		},
		{
			"from": [13, -16, 13],
			"to": [14.9, -0.025, 14.9],
			"rotation": {"angle": 0, "axis": "y", "origin": [13, -16, 13]},
			"faces": {
				"north": {"uv": [0, 0, 2, 16], "texture": "#1"},
				"east": {"uv": [0, 0, 2, 16], "texture": "#1"},
				"south": {"uv": [0, 0, 2, 16], "texture": "#1"},
				"west": {"uv": [0, 0, 2, 16], "texture": "#1"},
				"up": {"uv": [0, 0, 2, 2], "texture": "#1"},
				"down": {"uv": [0, 0, 2, 2], "texture": "#1"}
			}
		},
		{
			"from": [1.1, -16, 13],
			"to": [3, -0.025, 14.9],
			"rotation": {"angle": 0, "axis": "y", "origin": [1, -16, 13]},
			"faces": {
				"north": {"uv": [0, 0, 2, 16], "texture": "#1"},
				"east": {"uv": [0, 0, 2, 16], "texture": "#1"},
				"south": {"uv": [0, 0, 2, 16], "texture": "#1"},
				"west": {"uv": [0, 0, 2, 16], "texture": "#1"},
				"up": {"uv": [0, 0, 2, 2], "texture": "#1"},
				"down": {"uv": [0, 0, 2, 2], "texture": "#1"}
			}
		},
		{
			"from": [13, -16, 1.1],
			"to": [14.9, -0.025, 3],
			"rotation": {"angle": 0, "axis": "y", "origin": [13, -16, 1]},
			"faces": {
				"north": {"uv": [0, 0, 2, 16], "texture": "#1"},
				"east": {"uv": [0, 0, 2, 16], "texture": "#1"},
				"south": {"uv": [0, 0, 2, 16], "texture": "#1"},
				"west": {"uv": [0, 0, 2, 16], "texture": "#1"},
				"up": {"uv": [0, 0, 2, 2], "texture": "#1"},
				"down": {"uv": [0, 0, 2, 2], "texture": "#1"}
			}
		},
		{
			"from": [0, 0.5, 2],
			"to": [16, 0.5, 14],
			"rotation": {"angle": 0, "axis": "y", "origin": [0, -15.5, 0]},
			"faces": {
				"north": {"uv": [0, 0, 4, 0], "texture": "#4"},
				"east": {"uv": [0, 0, 3, 0], "texture": "#4"},
				"south": {"uv": [0, 0, 4, 0], "texture": "#4"},
				"west": {"uv": [0, 0, 3, 0], "texture": "#4"},
				"up": {"uv": [4, 3, 0, 0], "texture": "#4"},
				"down": {"uv": [4, 3, 0, 6], "texture": "#4"}
			}
		},
		{
			"from": [5.1, 1, 1],
			"to": [10.9, 2, 15],
			"rotation": {"angle": 0, "axis": "y", "origin": [0, 1, 0]},
			"faces": {
				"north": {"uv": [10, 2, 11.5, 2.25], "texture": "#5"},
				"east": {"uv": [3.5, 9, 7, 9.25], "texture": "#5"},
				"south": {"uv": [10, 2.25, 11.5, 2.5], "texture": "#5"},
				"west": {"uv": [7, 9, 10.5, 9.25], "texture": "#5"},
				"up": {"uv": [1.5, 3.5, 0, 0], "texture": "#5"},
				"down": {"uv": [3, 0, 1.5, 3.5], "texture": "#5"}
			}
		},
		{
			"from": [4.75, 1.95, 0],
			"to": [11.25, 8.05, 2],
			"rotation": {"angle": -45, "axis": "y", "origin": [8, 6, 8]},
			"faces": {
				"north": {"uv": [0, 7, 1.75, 8.5], "texture": "#5"},
				"east": {"uv": [7.75, 10, 8.25, 11.5], "texture": "#5"},
				"south": {"uv": [4.75, 7.5, 6.5, 9], "texture": "#5"},
				"west": {"uv": [8.25, 10, 8.75, 11.5], "texture": "#5"},
				"up": {"uv": [10.5, 10, 8.75, 9.5], "texture": "#5"},
				"down": {"uv": [1.75, 9.75, 0, 10.25], "texture": "#5"}
			}
		},
		{
			"from": [4.75, 2, 14],
			"to": [11.25, 8, 16],
			"rotation": {"angle": 45, "axis": "y", "origin": [8, 6, 8]},
			"faces": {
				"north": {"uv": [6.5, 1.5, 8.25, 3], "texture": "#5"},
				"east": {"uv": [7.25, 10, 7.75, 11.5], "texture": "#5"},
				"south": {"uv": [3, 6.5, 4.75, 8], "texture": "#5"},
				"west": {"uv": [10, 7.5, 10.5, 9], "texture": "#5"},
				"up": {"uv": [8.75, 10, 7, 9.5], "texture": "#5"},
				"down": {"uv": [11.25, 7, 9.5, 7.5], "texture": "#5"}
			}
		},
		{
			"from": [14, 1.975, 4.75],
			"to": [16, 8.025, 11.25],
			"rotation": {"angle": 0, "axis": "y", "origin": [0, 6, 0]},
			"faces": {
				"north": {"uv": [10, 5, 10.5, 6.5], "texture": "#5"},
				"east": {"uv": [6, 6, 7.75, 7.5], "texture": "#5"},
				"south": {"uv": [6.75, 10, 7.25, 11.5], "texture": "#5"},
				"west": {"uv": [6.5, 0, 8.25, 1.5], "texture": "#5"},
				"up": {"uv": [10, 5.25, 9.5, 3.5], "texture": "#5"},
				"down": {"uv": [10, 5.25, 9.5, 7], "texture": "#5"}
			}
		},
		{
			"from": [16, 5.975, 5.75],
			"to": [17, 7.025, 6.25],
			"rotation": {"angle": 0, "axis": "y", "origin": [0, 6, 0]},
			"faces": {
				"north": {"uv": [4.75, 6.5, 5, 6.75], "texture": "#5"},
				"east": {"uv": [5, 6.5, 5.25, 6.75], "texture": "#5"},
				"south": {"uv": [5.25, 6.5, 5.5, 6.75], "texture": "#5"},
				"west": {"uv": [5.5, 6.5, 5.75, 6.75], "texture": "#5"},
				"up": {"uv": [6, 6.75, 5.75, 6.5], "texture": "#5"},
				"down": {"uv": [5, 6.75, 4.75, 7], "texture": "#5"}
			}
		},
		{
			"from": [-1, 5.975, 5.75],
			"to": [0, 7.025, 6.25],
			"rotation": {"angle": 0, "axis": "y", "origin": [0, 6, 0]},
			"faces": {
				"north": {"uv": [5, 6.75, 5.25, 7], "texture": "#5"},
				"east": {"uv": [5.25, 6.75, 5.5, 7], "texture": "#5"},
				"south": {"uv": [5.5, 6.75, 5.75, 7], "texture": "#5"},
				"west": {"uv": [5.75, 6.75, 6, 7], "texture": "#5"},
				"up": {"uv": [2, 7.25, 1.75, 7], "texture": "#5"},
				"down": {"uv": [2.25, 7, 2, 7.25], "texture": "#5"}
			}
		},
		{
			"from": [16, 5.975, 9.75],
			"to": [17, 7.025, 10.25],
			"rotation": {"angle": 0, "axis": "y", "origin": [0, 6, 0]},
			"faces": {
				"north": {"uv": [5.5, 7, 5.75, 7.25], "texture": "#5"},
				"east": {"uv": [5.75, 7, 6, 7.25], "texture": "#5"},
				"south": {"uv": [1.75, 7.25, 2, 7.5], "texture": "#5"},
				"west": {"uv": [2, 7.25, 2.25, 7.5], "texture": "#5"},
				"up": {"uv": [2.5, 7.5, 2.25, 7.25], "texture": "#5"},
				"down": {"uv": [2.75, 7.25, 2.5, 7.5], "texture": "#5"}
			}
		},
		{
			"from": [-1, 5.975, 9.75],
			"to": [0, 7.025, 10.25],
			"rotation": {"angle": 0, "axis": "y", "origin": [0, 6, 0]},
			"faces": {
				"north": {"uv": [2.25, 7, 2.5, 7.25], "texture": "#5"},
				"east": {"uv": [2.5, 7, 2.75, 7.25], "texture": "#5"},
				"south": {"uv": [2.75, 7, 3, 7.25], "texture": "#5"},
				"west": {"uv": [4.75, 7, 5, 7.25], "texture": "#5"},
				"up": {"uv": [5.25, 7.25, 5, 7], "texture": "#5"},
				"down": {"uv": [5.5, 7, 5.25, 7.25], "texture": "#5"}
			}
		},
		{
			"from": [4.75, 1.975, 14],
			"to": [11.25, 8.025, 16],
			"rotation": {"angle": 0, "axis": "y", "origin": [0, 6, 0]},
			"faces": {
				"north": {"uv": [6, 3, 7.75, 4.5], "texture": "#5"},
				"east": {"uv": [6.25, 9.75, 6.75, 11.25], "texture": "#5"},
				"south": {"uv": [6, 4.5, 7.75, 6], "texture": "#5"},
				"west": {"uv": [10, 3.5, 10.5, 5], "texture": "#5"},
				"up": {"uv": [1.75, 9, 0, 8.5], "texture": "#5"},
				"down": {"uv": [1.75, 9, 0, 9.5], "texture": "#5"}
			}
		},
		{
			"from": [4.75, 1.95, 14],
			"to": [11.25, 8.05, 16],
			"rotation": {"angle": -45, "axis": "y", "origin": [8, 6, 8]},
			"faces": {
				"north": {"uv": [8.25, 1.5, 10, 3], "texture": "#5"},
				"east": {"uv": [1.5, 10.25, 2, 11.75], "texture": "#5"},
				"south": {"uv": [8.25, 7.5, 10, 9], "texture": "#5"},
				"west": {"uv": [2, 10.25, 2.5, 11.75], "texture": "#5"},
				"up": {"uv": [11.75, 1.5, 10, 1], "texture": "#5"},
				"down": {"uv": [11.75, 1.5, 10, 2], "texture": "#5"}
			}
		},
		{
			"from": [4.75, 2, 0],
			"to": [11.25, 8, 2],
			"rotation": {"angle": 45, "axis": "y", "origin": [8, 6, 8]},
			"faces": {
				"north": {"uv": [1.75, 8, 3.5, 9.5], "texture": "#5"},
				"east": {"uv": [0.5, 10.25, 1, 11.75], "texture": "#5"},
				"south": {"uv": [8.25, 0, 10, 1.5], "texture": "#5"},
				"west": {"uv": [1, 10.25, 1.5, 11.75], "texture": "#5"},
				"up": {"uv": [11.75, 0.5, 10, 0], "texture": "#5"},
				"down": {"uv": [11.75, 0.5, 10, 1], "texture": "#5"}
			}
		},
		{
			"from": [0, 1.975, 4.75],
			"to": [2, 8.025, 11.25],
			"rotation": {"angle": 0, "axis": "y", "origin": [0, 6, 0]},
			"faces": {
				"north": {"uv": [9.75, 10, 10.25, 11.5], "texture": "#5"},
				"east": {"uv": [7.75, 4.5, 9.5, 6], "texture": "#5"},
				"south": {"uv": [0, 10.25, 0.5, 11.75], "texture": "#5"},
				"west": {"uv": [7.75, 6, 9.5, 7.5], "texture": "#5"},
				"up": {"uv": [5.75, 11.5, 5.25, 9.75], "texture": "#5"},
				"down": {"uv": [6.25, 9.75, 5.75, 11.5], "texture": "#5"}
			}
		},
		{
			"from": [-2, 6.475, 5.25],
			"to": [-1, 7.525, 10.75],
			"rotation": {"angle": 0, "axis": "y", "origin": [0, 6, 0]},
			"faces": {
				"north": {"uv": [2.75, 7.25, 3, 7.5], "texture": "#5", "tintindex": 1},
				"east": {"uv": [10.25, 10.25, 11.75, 10.5], "texture": "#5", "tintindex": 1},
				"south": {"uv": [4.75, 7.25, 5, 7.5], "texture": "#5", "tintindex": 1},
				"west": {"uv": [2.5, 10.5, 4, 10.75], "texture": "#5", "tintindex": 1},
				"up": {"uv": [4.25, 11.75, 4, 10.25], "texture": "#5", "tintindex": 1},
				"down": {"uv": [4.5, 10.25, 4.25, 11.75], "texture": "#5", "tintindex": 1}
			}
		},
		{
			"from": [17, 6.475, 5.25],
			"to": [18, 7.525, 10.75],
			"rotation": {"angle": 0, "axis": "y", "origin": [0, 6, 0]},
			"faces": {
				"north": {"uv": [5, 7.25, 5.25, 7.5], "texture": "#5", "tintindex": 1},
				"east": {"uv": [10.5, 3.5, 12, 3.75], "texture": "#5", "tintindex": 1},
				"south": {"uv": [5.25, 7.25, 5.5, 7.5], "texture": "#5", "tintindex": 1},
				"west": {"uv": [10.5, 3.75, 12, 4], "texture": "#5", "tintindex": 1},
				"up": {"uv": [4.75, 11.75, 4.5, 10.25], "texture": "#5", "tintindex": 1},
				"down": {"uv": [5, 10.25, 4.75, 11.75], "texture": "#5", "tintindex": 1}
			}
		},
		{
			"from": [4.75, 1.975, 0],
			"to": [11.25, 8.025, 2],
			"rotation": {"angle": 0, "axis": "y", "origin": [0, 6, 0]},
			"faces": {
				"north": {"uv": [6.5, 7.5, 8.25, 9], "texture": "#5"},
				"east": {"uv": [8.75, 10, 9.25, 11.5], "texture": "#5"},
				"south": {"uv": [7.75, 3, 9.5, 4.5], "texture": "#5"},
				"west": {"uv": [9.25, 10, 9.75, 11.5], "texture": "#5"},
				"up": {"uv": [3.5, 10.25, 1.75, 9.75], "texture": "#5"},
				"down": {"uv": [5.25, 9.75, 3.5, 10.25], "texture": "#5"}
			}
		},
		{
			"from": [1, 1, 5.1],
			"to": [15, 2, 10.9],
			"rotation": {"angle": 0, "axis": "y", "origin": [0, 1, 0]},
			"faces": {
				"north": {"uv": [3.5, 9.25, 7, 9.5], "texture": "#5"},
				"east": {"uv": [10, 2.5, 11.5, 2.75], "texture": "#5"},
				"south": {"uv": [7, 9.25, 10.5, 9.5], "texture": "#5"},
				"west": {"uv": [10, 2.75, 11.5, 3], "texture": "#5"},
				"up": {"uv": [6.5, 1.5, 3, 0], "texture": "#5"},
				"down": {"uv": [6.5, 1.5, 3, 3], "texture": "#5"}
			}
		},
		{
			"from": [5.1, 0.975, 1],
			"to": [10.9, 2.025, 15],
			"rotation": {"angle": 45, "axis": "y", "origin": [8, 1, 8]},
			"faces": {
				"north": {"uv": [10, 6.5, 11.5, 6.75], "texture": "#5"},
				"east": {"uv": [0, 9.5, 3.5, 9.75], "texture": "#5"},
				"south": {"uv": [10, 6.75, 11.5, 7], "texture": "#5"},
				"west": {"uv": [9.5, 3, 13, 3.25], "texture": "#5"},
				"up": {"uv": [4.5, 6.5, 3, 3], "texture": "#5"},
				"down": {"uv": [1.5, 3.5, 0, 7], "texture": "#5"}
			}
		},
		{
			"from": [5.1, 0.95, 1],
			"to": [10.9, 2.05, 15],
			"rotation": {"angle": -45, "axis": "y", "origin": [8, 1, 8]},
			"faces": {
				"north": {"uv": [2.5, 10.25, 4, 10.5], "texture": "#5"},
				"east": {"uv": [9.5, 3.25, 13, 3.5], "texture": "#5"},
				"south": {"uv": [10.25, 10, 11.75, 10.25], "texture": "#5"},
				"west": {"uv": [3.5, 9.5, 7, 9.75], "texture": "#5"},
				"up": {"uv": [3, 7, 1.5, 3.5], "texture": "#5"},
				"down": {"uv": [6, 3, 4.5, 6.5], "texture": "#5"}
			}
		}
	],
	"display": {
		"thirdperson_righthand": {
			"rotation": [75, 45, 0],
			"translation": [0, 2.5, 4.5],
			"scale": [0.375, 0.375, 0.375]
		},
		"thirdperson_lefthand": {
			"rotation": [75, 45, 0],
			"translation": [0, 2.5, 4.5],
			"scale": [0.375, 0.375, 0.375]
		},
		"firstperson_righthand": {
			"rotation": [0, 135, 0],
			"translation": [0, 6.5, 0],
			"scale": [0.4, 0.4, 0.4]
		},
		"firstperson_lefthand": {
			"rotation": [0, 135, 0],
			"translation": [0, 6.5, 0],
			"scale": [0.4, 0.4, 0.4]
		},
		"ground": {
			"translation": [0, 3, 0],
			"scale": [0.25, 0.25, 0.25]
		},
		"gui": {
			"rotation": [30, 225, 0],
			"translation": [0, 8.5, 0],
			"scale": [0.625, 0.625, 0.625]
		},
		"head": {
			"translation": [0, 29, 0]
		},
		"fixed": {
			"rotation": [-90, 0, 0],
			"translation": [0, 0, -16],
			"scale": [2, 2, 2]
		}
	},
	"groups": [
		0,
		1,
		2,
		3,
		4,
		5,
		6,
		7,
		8,
		9,
		10,
		11,
		12,
		{
			"name": "group",
			"origin": [8, 13, 8],
			"color": 0,
			"children": [13, 14, 15, 16, 17, 18, 19, 20, 21, 22, 23, 24, 25, 26, 27, 28, 29, 30]
		}
	]
}