{
	"credit": "Made with Blockbench",
	"parent": "f101",
	"texture_size": [32, 32],
	"textures": {
		"1": "block/stripped_oak_log",
		"6": "block/f128",
		"particle": "block/stripped_oak_log"
	},
	"elements": [
		{
			"from": [1.1, -16, 1.1],
			"to": [3, -0.025, 3],
			"rotation": {"angle": 0, "axis": "y", "origin": [1, -16, 1]},
			"faces": {
				"north": {"uv": [0, 0, 2, 16], "texture": "#1"},
				"east": {"uv": [0, 0, 2, 16], "texture": "#1"},
				"south": {"uv": [0, 0, 2, 16], "texture": "#1"},
				"west": {"uv": [0, 0, 2, 16], "texture": "#1"},
				"up": {"uv": [0, 0, 2, 2], "texture": "#1"},
				"down": {"uv": [0, 0, 2, 2], "texture": "#1"}
			}
		},
		{
			"from": [0.025, -3, 1.5],
			"to": [15.975, -1, 2.5],
			"rotation": {"angle": 0, "axis": "z", "origin": [16, -3, 1]},
			"faces": {
				"north": {"uv": [0, 0, 2, 16], "rotation": 90, "texture": "#1"},
				"east": {"uv": [0, 0, 2, 1], "rotation": 270, "texture": "#1"},
				"south": {"uv": [0, 0, 2, 16], "rotation": 270, "texture": "#1"},
				"west": {"uv": [0, 0, 2, 1], "rotation": 270, "texture": "#1"},
				"up": {"uv": [0, 0, 1, 16], "rotation": 270, "texture": "#1"},
				"down": {"uv": [0, 0, 1, 16], "rotation": 270, "texture": "#1"}
			}
		},
		{
			"from": [0.025, -3, 13.5],
			"to": [15.975, -1, 14.5],
			"rotation": {"angle": 0, "axis": "y", "origin": [16, -3, 13]},
			"faces": {
				"north": {"uv": [0, 0, 2, 16], "rotation": 90, "texture": "#1"},
				"east": {"uv": [0, 0, 2, 1], "rotation": 270, "texture": "#1"},
				"south": {"uv": [0, 0, 2, 16], "rotation": 270, "texture": "#1"},
				"west": {"uv": [0, 0, 2, 1], "rotation": 270, "texture": "#1"},
				"up": {"uv": [0, 0, 1, 16], "rotation": 270, "texture": "#1"},
				"down": {"uv": [0, 0, 1, 16], "rotation": 270, "texture": "#1"}
			}
		},
		{
			"from": [0.025, -14, 1.5],
			"to": [15.975, -12, 2.5],
			"rotation": {"angle": 0, "axis": "y", "origin": [16, -14, 1]},
			"faces": {
				"north": {"uv": [0, 0, 2, 16], "rotation": 90, "texture": "#1"},
				"east": {"uv": [0, 0, 2, 1], "rotation": 270, "texture": "#1"},
				"south": {"uv": [0, 0, 2, 16], "rotation": 270, "texture": "#1"},
				"west": {"uv": [0, 0, 2, 1], "rotation": 270, "texture": "#1"},
				"up": {"uv": [0, 0, 1, 16], "rotation": 270, "texture": "#1"},
				"down": {"uv": [0, 0, 1, 16], "rotation": 270, "texture": "#1"}
			}
		},
		{
			"from": [0.025, -14, 13.5],
			"to": [15.975, -12, 14.5],
			"rotation": {"angle": 0, "axis": "y", "origin": [16, -14, 13]},
			"faces": {
				"north": {"uv": [0, 0, 2, 16], "rotation": 90, "texture": "#1"},
				"east": {"uv": [0, 0, 2, 1], "rotation": 270, "texture": "#1"},
				"south": {"uv": [0, 0, 2, 16], "rotation": 270, "texture": "#1"},
				"west": {"uv": [0, 0, 2, 1], "rotation": 270, "texture": "#1"},
				"up": {"uv": [0, 0, 1, 16], "rotation": 270, "texture": "#1"},
				"down": {"uv": [0, 0, 1, 16], "rotation": 270, "texture": "#1"}
			}
		},
		{
			"from": [1.5, -3, 0.025],
			"to": [2.5, -1, 15.975],
			"rotation": {"angle": 0, "axis": "y", "origin": [8, -7.5, 8]},
			"faces": {
				"north": {"uv": [0, 0, 2, 1], "rotation": 270, "texture": "#1"},
				"east": {"uv": [0, 0, 2, 16], "rotation": 90, "texture": "#1"},
				"south": {"uv": [0, 0, 2, 1], "rotation": 270, "texture": "#1"},
				"west": {"uv": [0, 0, 2, 16], "rotation": 270, "texture": "#1"},
				"up": {"uv": [0, 0, 1, 16], "texture": "#1"},
				"down": {"uv": [0, 0, 1, 16], "rotation": 180, "texture": "#1"}
			}
		},
		{
			"from": [13.5, -3, 0.025],
			"to": [14.5, -1, 15.975],
			"rotation": {"angle": 0, "axis": "y", "origin": [8, -7.5, 8]},
			"faces": {
				"north": {"uv": [0, 0, 2, 1], "rotation": 270, "texture": "#1"},
				"east": {"uv": [0, 0, 2, 16], "rotation": 90, "texture": "#1"},
				"south": {"uv": [0, 0, 2, 1], "rotation": 270, "texture": "#1"},
				"west": {"uv": [0, 0, 2, 16], "rotation": 270, "texture": "#1"},
				"up": {"uv": [0, 0, 1, 16], "texture": "#1"},
				"down": {"uv": [0, 0, 1, 16], "rotation": 180, "texture": "#1"}
			}
		},
		{
			"from": [13.5, -14, 0.025],
			"to": [14.5, -12, 15.975],
			"rotation": {"angle": 0, "axis": "y", "origin": [8, -7.5, 8]},
			"faces": {
				"north": {"uv": [0, 0, 2, 1], "rotation": 270, "texture": "#1"},
				"east": {"uv": [0, 0, 2, 16], "rotation": 90, "texture": "#1"},
				"south": {"uv": [0, 0, 2, 1], "rotation": 270, "texture": "#1"},
				"west": {"uv": [0, 0, 2, 16], "rotation": 270, "texture": "#1"},
				"up": {"uv": [0, 0, 1, 16], "texture": "#1"},
				"down": {"uv": [0, 0, 1, 16], "rotation": 180, "texture": "#1"}
			}
		},
		{
			"from": [1.5, -14, 0.025],
			"to": [2.5, -12, 15.975],
			"rotation": {"angle": 0, "axis": "y", "origin": [8, -7.5, 8]},
			"faces": {
				"north": {"uv": [0, 0, 2, 1], "rotation": 270, "texture": "#1"},
				"east": {"uv": [0, 0, 2, 16], "rotation": 90, "texture": "#1"},
				"south": {"uv": [0, 0, 2, 1], "rotation": 270, "texture": "#1"},
				"west": {"uv": [0, 0, 2, 16], "rotation": 270, "texture": "#1"},
				"up": {"uv": [0, 0, 1, 16], "texture": "#1"},
				"down": {"uv": [0, 0, 1, 16], "rotation": 180, "texture": "#1"}
			}
		},
		{
			"from": [13, -16, 13],
			"to": [14.9, -0.025, 14.9],
			"rotation": {"angle": 0, "axis": "y", "origin": [13, -16, 13]},
			"faces": {
				"north": {"uv": [0, 0, 2, 16], "texture": "#1"},
				"east": {"uv": [0, 0, 2, 16], "texture": "#1"},
				"south": {"uv": [0, 0, 2, 16], "texture": "#1"},
				"west": {"uv": [0, 0, 2, 16], "texture": "#1"},
				"up": {"uv": [0, 0, 2, 2], "texture": "#1"},
				"down": {"uv": [0, 0, 2, 2], "texture": "#1"}
			}
		},
		{
			"from": [1.1, -16, 13],
			"to": [3, -0.025, 14.9],
			"rotation": {"angle": 0, "axis": "y", "origin": [1, -16, 13]},
			"faces": {
				"north": {"uv": [0, 0, 2, 16], "texture": "#1"},
				"east": {"uv": [0, 0, 2, 16], "texture": "#1"},
				"south": {"uv": [0, 0, 2, 16], "texture": "#1"},
				"west": {"uv": [0, 0, 2, 16], "texture": "#1"},
				"up": {"uv": [0, 0, 2, 2], "texture": "#1"},
				"down": {"uv": [0, 0, 2, 2], "texture": "#1"}
			}
		},
		{
			"from": [13, -16, 1.1],
			"to": [14.9, -0.025, 3],
			"rotation": {"angle": 0, "axis": "y", "origin": [13, -16, 1]},
			"faces": {
				"north": {"uv": [0, 0, 2, 16], "texture": "#1"},
				"east": {"uv": [0, 0, 2, 16], "texture": "#1"},
				"south": {"uv": [0, 0, 2, 16], "texture": "#1"},
				"west": {"uv": [0, 0, 2, 16], "texture": "#1"},
				"up": {"uv": [0, 0, 2, 2], "texture": "#1"},
				"down": {"uv": [0, 0, 2, 2], "texture": "#1"}
			}
		},
		{
			"from": [0, 0.5, 2],
			"to": [16, 0.5, 14],
			"rotation": {"angle": 0, "axis": "y", "origin": [0, -15.5, 0]},
			"faces": {
				"north": {"uv": [0, 0, 8, 0], "texture": "#6"},
				"east": {"uv": [0, 0, 6, 0], "texture": "#6"},
				"south": {"uv": [0, 0, 8, 0], "texture": "#6"},
				"west": {"uv": [0, 0, 6, 0], "texture": "#6"},
				"up": {"uv": [8, 6, 0, 0], "texture": "#6"},
				"down": {"uv": [8, 6, 0, 12], "texture": "#6"}
			}
		},
		{
			"from": [14, -0.025, 5.75],
			"to": [15, 1.025, 6.25],
			"rotation": {"angle": 0, "axis": "y", "origin": [-2, 0, 0]},
			"faces": {
				"north": {"uv": [8.5, 4, 9, 4.5], "texture": "#6"},
				"east": {"uv": [8.5, 4.5, 9, 5], "texture": "#6"},
				"south": {"uv": [8.5, 5, 9, 5.5], "texture": "#6"},
				"west": {"uv": [8.5, 5.5, 9, 6], "texture": "#6"},
				"up": {"uv": [9, 6.5, 8.5, 6], "texture": "#6"},
				"down": {"uv": [9, 6.5, 8.5, 7], "texture": "#6"}
			}
		},
		{
			"from": [14, -0.025, 9.75],
			"to": [15, 1.025, 10.25],
			"rotation": {"angle": 0, "axis": "y", "origin": [-2, 0, 0]},
			"faces": {
				"north": {"uv": [8.5, 8, 9, 8.5], "texture": "#6"},
				"east": {"uv": [8.5, 8.5, 9, 9], "texture": "#6"},
				"south": {"uv": [9, 1, 9.5, 1.5], "texture": "#6"},
				"west": {"uv": [9, 1.5, 9.5, 2], "texture": "#6"},
				"up": {"uv": [9.5, 2.5, 9, 2], "texture": "#6"},
				"down": {"uv": [9.5, 2.5, 9, 3], "texture": "#6"}
			}
		},
		{
			"from": [15, 0.475, 5.25],
			"to": [16, 1.525, 10.75],
			"rotation": {"angle": 0, "axis": "y", "origin": [-2, 0, 0]},
			"faces": {
				"north": {"uv": [9, 3, 9.5, 3.5], "texture": "#6", "tintindex": 1},
				"east": {"uv": [8, 0, 11, 0.5], "texture": "#6", "tintindex": 1},
				"south": {"uv": [9, 3.5, 9.5, 4], "texture": "#6", "tintindex": 1},
				"west": {"uv": [8, 0.5, 11, 1], "texture": "#6", "tintindex": 1},
				"up": {"uv": [8.5, 4, 8, 1], "texture": "#6", "tintindex": 1},
				"down": {"uv": [8.5, 4, 8, 7], "texture": "#6", "tintindex": 1}
			}
		},
		{
			"from": [0, 0.475, 5.25],
			"to": [1, 1.525, 10.75],
			"rotation": {"angle": 0, "axis": "y", "origin": [2, 0, 0]},
			"faces": {
				"north": {"uv": [9, 4, 9.5, 4.5], "texture": "#6", "tintindex": 1},
				"east": {"uv": [8, 7, 11, 7.5], "texture": "#6", "tintindex": 1},
				"south": {"uv": [9, 4.5, 9.5, 5], "texture": "#6", "tintindex": 1},
				"west": {"uv": [8, 7.5, 11, 8], "texture": "#6", "tintindex": 1},
				"up": {"uv": [8.5, 11, 8, 8], "texture": "#6", "tintindex": 1},
				"down": {"uv": [9, 1, 8.5, 4], "texture": "#6", "tintindex": 1}
			}
		},
		{
			"from": [1, -0.025, 5.75],
			"to": [2, 1.025, 6.25],
			"rotation": {"angle": 0, "axis": "y", "origin": [2, 0, 0]},
			"faces": {
				"north": {"uv": [9, 5, 9.5, 5.5], "texture": "#6"},
				"east": {"uv": [9, 5.5, 9.5, 6], "texture": "#6"},
				"south": {"uv": [9, 6, 9.5, 6.5], "texture": "#6"},
				"west": {"uv": [9, 6.5, 9.5, 7], "texture": "#6"},
				"up": {"uv": [9.5, 8.5, 9, 8], "texture": "#6"},
				"down": {"uv": [9, 9, 8.5, 9.5], "texture": "#6"}
			}
		},
		{
			"from": [1, -0.025, 9.75],
			"to": [2, 1.025, 10.25],
			"rotation": {"angle": 0, "axis": "y", "origin": [2, 0, 0]},
			"faces": {
				"north": {"uv": [9, 8.5, 9.5, 9], "texture": "#6"},
				"east": {"uv": [9, 9, 9.5, 9.5], "texture": "#6"},
				"south": {"uv": [9.5, 1, 10, 1.5], "texture": "#6"},
				"west": {"uv": [9.5, 1.5, 10, 2], "texture": "#6"},
				"up": {"uv": [10, 2.5, 9.5, 2], "texture": "#6"},
				"down": {"uv": [10, 2.5, 9.5, 3], "texture": "#6"}
			}
		}
	],
	"display": {
		"thirdperson_righthand": {
			"rotation": [75, 45, 0],
			"translation": [0, 2.5, 4.5],
			"scale": [0.375, 0.375, 0.375]
		},
		"thirdperson_lefthand": {
			"rotation": [75, 45, 0],
			"translation": [0, 2.5, 4.5],
			"scale": [0.375, 0.375, 0.375]
		},
		"firstperson_righthand": {
			"rotation": [0, 45, 0],
			"translation": [0, 6.5, 0],
			"scale": [0.4, 0.4, 0.4]
		},
		"firstperson_lefthand": {
			"rotation": [0, 45, 0],
			"translation": [0, 6.5, 0],
			"scale": [0.4, 0.4, 0.4]
		},
		"ground": {
			"translation": [0, 3, 0],
			"scale": [0.25, 0.25, 0.25]
		},
		"gui": {
			"rotation": [30, 225, 0],
			"translation": [0, 8.5, 0],
			"scale": [0.625, 0.625, 0.625]
		},
		"head": {
			"translation": [0, 29, 0]
		},
		"fixed": {
			"rotation": [-90, 0, 0],
			"translation": [0, 0, -16],
			"scale": [2, 2, 2]
		}
	},
	"groups": [
		0,
		1,
		2,
		3,
		4,
		5,
		6,
		7,
		8,
		9,
		10,
		11,
		{
			"name": "group",
			"origin": [8, 13, 8],
			"color": 0,
			"children": []
		},
		12,
		13,
		14,
		15,
		16,
		17,
		18
	]
}