{
	"credit": "Made with Blockbench",
	"textures": {
		"0": "block/f133",
		"1": "block/f129",
		"particle": "block/f129"
	},
	"elements": [
		{
			"from": [5, 0, 5],
			"to": [11, 5, 11],
			"faces": {
				"north": {"uv": [0, 0, 6, 5], "texture": "#0"},
				"east": {"uv": [0, 0, 6, 5], "texture": "#0"},
				"south": {"uv": [0, 0, 6, 5], "texture": "#0"},
				"west": {"uv": [0, 0, 6, 5], "texture": "#0"},
				"up": {"uv": [12, 6, 6, 0], "texture": "#0"},
				"down": {"uv": [6, 6, 0, 12], "texture": "#0"}
			}
		},
		{
			"from": [5.5, 5, 5.5],
			"to": [10.5, 6, 10.5],
			"rotation": {"angle": 0, "axis": "y", "origin": [0, 7, 0]},
			"faces": {
				"north": {"uv": [6, 6, 11, 7], "texture": "#0", "tintindex": 1},
				"east": {"uv": [6, 6, 11, 7], "texture": "#0", "tintindex": 1},
				"south": {"uv": [6, 6, 11, 7], "texture": "#0", "tintindex": 1},
				"west": {"uv": [6, 6, 11, 7], "texture": "#0", "tintindex": 1}
			}
		},
		{
			"from": [5, 6, 5],
			"to": [11, 7, 11],
			"rotation": {"angle": 0, "axis": "y", "origin": [0, 8, 0]},
			"faces": {
				"north": {"uv": [0, 5, 6, 6], "texture": "#0"},
				"east": {"uv": [0, 5, 6, 6], "texture": "#0"},
				"south": {"uv": [0, 5, 6, 6], "texture": "#0"},
				"west": {"uv": [0, 5, 6, 6], "texture": "#0"},
				"up": {"uv": [12, 6, 6, 0], "texture": "#0"},
				"down": {"uv": [12, 0, 6, 6], "texture": "#0"}
			}
		},
		{
			"from": [6, 7, 6],
			"to": [10, 5, 10],
			"rotation": {"angle": 0, "axis": "y", "origin": [6, 7, 6]},
			"faces": {
				"north": {"uv": [6, 7, 10, 9], "texture": "#0"},
				"east": {"uv": [6, 7, 10, 9], "texture": "#0"},
				"south": {"uv": [6, 7, 10, 9], "texture": "#0"},
				"west": {"uv": [6, 7, 10, 9], "texture": "#0"}
			}
		},
		{
			"from": [5.25, 0.25, 5.25],
			"to": [10.75, 4, 10.75],
			"faces": {
				"north": {"uv": [11, 13, 16, 16], "texture": "#1", "tintindex": 1},
				"east": {"uv": [11, 13, 16, 16], "texture": "#1", "tintindex": 1},
				"south": {"uv": [11, 13, 16, 16], "texture": "#1", "tintindex": 1},
				"west": {"uv": [11, 13, 16, 16], "texture": "#1", "tintindex": 1},
				"up": {"uv": [11, 6, 16, 11], "texture": "#1", "tintindex": 1},
				"down": {"uv": [11, 6, 16, 11], "texture": "#1", "tintindex": 1}
			}
		}
	],
	"display": {
		"thirdperson_righthand": {
			"rotation": [75, 45, 0],
			"translation": [0, 2.5, 0],
			"scale": [0.375, 0.375, 0.375]
		},
		"thirdperson_lefthand": {
			"rotation": [75, 45, 0],
			"translation": [0, 2.5, 0],
			"scale": [0.375, 0.375, 0.375]
		},
		"firstperson_righthand": {
			"rotation": [0, 45, 0],
			"translation": [0, 3.75, 0],
			"scale": [0.4, 0.4, 0.4]
		},
		"firstperson_lefthand": {
			"rotation": [0, 225, 0],
			"scale": [0.4, 0.4, 0.4]
		},
		"ground": {
			"translation": [0, 3, 0],
			"scale": [0.25, 0.25, 0.25]
		},
		"gui": {
			"rotation": [30, 225, 0],
			"scale": [0.625, 0.625, 0.625]
		},
		"head": {
			"translation": [0, 15.25, 0]
		},
		"fixed": {
			"rotation": [-90, 0, 0],
			"translation": [0, 0, -16],
			"scale": [2, 2, 2]
		}
	}
}