{
	"credit": "Made with Blockbench",
	"textures": {
		"0": "block/f129",
		"particle": "block/f129"
	},
	"elements": [
		{
			"from": [1, 0, 9],
			"to": [7, 7, 15],
			"rotation": {"angle": 0, "axis": "y", "origin": [-4, 0, 4]},
			"faces": {
				"north": {"uv": [0, 0, 6, 7], "texture": "#0"},
				"east": {"uv": [0, 0, 6, 7], "texture": "#0"},
				"south": {"uv": [0, 0, 6, 7], "texture": "#0"},
				"west": {"uv": [0, 0, 6, 7], "texture": "#0"},
				"up": {"uv": [12, 6, 6, 0], "texture": "#0"},
				"down": {"uv": [6, 7, 0, 13], "texture": "#0"}
			}
		},
		{
			"from": [9.5, 8, 9.5],
			"to": [14.5, 9, 14.5],
			"rotation": {"angle": 0, "axis": "y", "origin": [4, 8, 4]},
			"faces": {
				"north": {"uv": [6, 6, 11, 7], "texture": "#0"},
				"east": {"uv": [6, 6, 11, 7], "texture": "#0"},
				"south": {"uv": [6, 6, 11, 7], "texture": "#0"},
				"west": {"uv": [6, 6, 11, 7], "texture": "#0"},
				"up": {"uv": [6, 7, 11, 12], "texture": "#0"},
				"down": {"uv": [6, 7, 11, 12], "texture": "#0"}
			}
		},
		{
			"from": [10, 9, 10],
			"to": [14, 11, 14],
			"rotation": {"angle": 0, "axis": "y", "origin": [4, 9, 4]},
			"faces": {
				"north": {"uv": [12, 0, 16, 2], "texture": "#0"},
				"east": {"uv": [12, 0, 16, 2], "texture": "#0"},
				"south": {"uv": [12, 0, 16, 2], "texture": "#0"},
				"west": {"uv": [12, 0, 16, 2], "texture": "#0"},
				"up": {"uv": [12, 2, 16, 6], "texture": "#0"}
			}
		},
		{
			"from": [10, 7, 10],
			"to": [14, 8, 14],
			"rotation": {"angle": 0, "axis": "y", "origin": [4, 7, 4]},
			"faces": {
				"north": {"uv": [0, 13, 4, 14], "texture": "#0", "tintindex": 1},
				"east": {"uv": [0, 13, 4, 14], "texture": "#0", "tintindex": 1},
				"south": {"uv": [0, 13, 4, 14], "texture": "#0", "tintindex": 1},
				"west": {"uv": [0, 13, 4, 14], "texture": "#0", "tintindex": 1},
				"down": {"uv": [7, 12, 11, 16], "texture": "#0", "tintindex": 1}
			}
		},
		{
			"from": [9.25, 0.25, 9.25],
			"to": [14.75, 5, 14.75],
			"rotation": {"angle": 0, "axis": "y", "origin": [4, 0, 4]},
			"faces": {
				"north": {"uv": [11, 12, 16, 16], "texture": "#0", "tintindex": 1},
				"east": {"uv": [11, 12, 16, 16], "texture": "#0", "tintindex": 1},
				"south": {"uv": [11, 12, 16, 16], "texture": "#0", "tintindex": 1},
				"west": {"uv": [11, 12, 16, 16], "texture": "#0", "tintindex": 1},
				"up": {"uv": [11, 6, 16, 11], "texture": "#0", "tintindex": 1},
				"down": {"uv": [11, 6, 16, 11], "texture": "#0", "tintindex": 1}
			}
		},
		{
			"from": [9, 0, 9],
			"to": [15, 7, 15],
			"rotation": {"angle": 0, "axis": "y", "origin": [4, 0, 4]},
			"faces": {
				"north": {"uv": [0, 0, 6, 7], "texture": "#0"},
				"east": {"uv": [0, 0, 6, 7], "texture": "#0"},
				"south": {"uv": [0, 0, 6, 7], "texture": "#0"},
				"west": {"uv": [0, 0, 6, 7], "texture": "#0"},
				"up": {"uv": [12, 6, 6, 0], "texture": "#0"},
				"down": {"uv": [6, 7, 0, 13], "texture": "#0"}
			}
		},
		{
			"from": [5.5, 8, 1.5],
			"to": [10.5, 9, 6.5],
			"rotation": {"angle": 0, "axis": "y", "origin": [0, 8, -4]},
			"faces": {
				"north": {"uv": [6, 6, 11, 7], "texture": "#0"},
				"east": {"uv": [6, 6, 11, 7], "texture": "#0"},
				"south": {"uv": [6, 6, 11, 7], "texture": "#0"},
				"west": {"uv": [6, 6, 11, 7], "texture": "#0"},
				"up": {"uv": [6, 7, 11, 12], "texture": "#0"},
				"down": {"uv": [6, 7, 11, 12], "texture": "#0"}
			}
		},
		{
			"from": [6, 9, 2],
			"to": [10, 11, 6],
			"rotation": {"angle": 0, "axis": "y", "origin": [0, 9, -4]},
			"faces": {
				"north": {"uv": [12, 0, 16, 2], "texture": "#0"},
				"east": {"uv": [12, 0, 16, 2], "texture": "#0"},
				"south": {"uv": [12, 0, 16, 2], "texture": "#0"},
				"west": {"uv": [12, 0, 16, 2], "texture": "#0"},
				"up": {"uv": [12, 2, 16, 6], "texture": "#0"}
			}
		},
		{
			"from": [6, 7, 2],
			"to": [10, 8, 6],
			"rotation": {"angle": 0, "axis": "y", "origin": [0, 7, -4]},
			"faces": {
				"north": {"uv": [0, 13, 4, 14], "texture": "#0", "tintindex": 1},
				"east": {"uv": [0, 13, 4, 14], "texture": "#0", "tintindex": 1},
				"south": {"uv": [0, 13, 4, 14], "texture": "#0", "tintindex": 1},
				"west": {"uv": [0, 13, 4, 14], "texture": "#0", "tintindex": 1},
				"down": {"uv": [7, 12, 11, 16], "texture": "#0", "tintindex": 1}
			}
		},
		{
			"from": [5.25, 0.25, 1.25],
			"to": [10.75, 5, 6.75],
			"rotation": {"angle": 0, "axis": "y", "origin": [0, 0, -4]},
			"faces": {
				"north": {"uv": [11, 12, 16, 16], "texture": "#0", "tintindex": 1},
				"east": {"uv": [11, 12, 16, 16], "texture": "#0", "tintindex": 1},
				"south": {"uv": [11, 12, 16, 16], "texture": "#0", "tintindex": 1},
				"west": {"uv": [11, 12, 16, 16], "texture": "#0", "tintindex": 1},
				"up": {"uv": [11, 6, 16, 11], "texture": "#0", "tintindex": 1},
				"down": {"uv": [11, 6, 16, 11], "texture": "#0", "tintindex": 1}
			}
		},
		{
			"from": [5, 0, 1],
			"to": [11, 7, 7],
			"rotation": {"angle": 0, "axis": "y", "origin": [0, 0, -4]},
			"faces": {
				"north": {"uv": [0, 0, 6, 7], "texture": "#0"},
				"east": {"uv": [0, 0, 6, 7], "texture": "#0"},
				"south": {"uv": [0, 0, 6, 7], "texture": "#0"},
				"west": {"uv": [0, 0, 6, 7], "texture": "#0"},
				"up": {"uv": [12, 6, 6, 0], "texture": "#0"},
				"down": {"uv": [6, 7, 0, 13], "texture": "#0"}
			}
		},
		{
			"from": [1.25, 0.25, 9.25],
			"to": [6.75, 5, 14.75],
			"rotation": {"angle": 0, "axis": "y", "origin": [-4, 0, 4]},
			"faces": {
				"north": {"uv": [11, 12, 16, 16], "texture": "#0", "tintindex": 1},
				"east": {"uv": [11, 12, 16, 16], "texture": "#0", "tintindex": 1},
				"south": {"uv": [11, 12, 16, 16], "texture": "#0", "tintindex": 1},
				"west": {"uv": [11, 12, 16, 16], "texture": "#0", "tintindex": 1},
				"up": {"uv": [11, 6, 16, 11], "texture": "#0", "tintindex": 1},
				"down": {"uv": [11, 6, 16, 11], "texture": "#0", "tintindex": 1}
			}
		},
		{
			"from": [2, 7, 10],
			"to": [6, 8, 14],
			"rotation": {"angle": 0, "axis": "y", "origin": [-4, 7, 4]},
			"faces": {
				"north": {"uv": [0, 13, 4, 14], "texture": "#0", "tintindex": 1},
				"east": {"uv": [0, 13, 4, 14], "texture": "#0", "tintindex": 1},
				"south": {"uv": [0, 13, 4, 14], "texture": "#0", "tintindex": 1},
				"west": {"uv": [0, 13, 4, 14], "texture": "#0", "tintindex": 1},
				"down": {"uv": [7, 12, 11, 16], "texture": "#0", "tintindex": 1}
			}
		},
		{
			"from": [2, 9, 10],
			"to": [6, 11, 14],
			"rotation": {"angle": 0, "axis": "y", "origin": [-4, 9, 4]},
			"faces": {
				"north": {"uv": [12, 0, 16, 2], "texture": "#0"},
				"east": {"uv": [12, 0, 16, 2], "texture": "#0"},
				"south": {"uv": [12, 0, 16, 2], "texture": "#0"},
				"west": {"uv": [12, 0, 16, 2], "texture": "#0"},
				"up": {"uv": [12, 2, 16, 6], "texture": "#0"}
			}
		},
		{
			"from": [1.5, 8, 9.5],
			"to": [6.5, 9, 14.5],
			"rotation": {"angle": 0, "axis": "y", "origin": [-4, 8, 4]},
			"faces": {
				"north": {"uv": [6, 6, 11, 7], "texture": "#0"},
				"east": {"uv": [6, 6, 11, 7], "texture": "#0"},
				"south": {"uv": [6, 6, 11, 7], "texture": "#0"},
				"west": {"uv": [6, 6, 11, 7], "texture": "#0"},
				"up": {"uv": [6, 7, 11, 12], "texture": "#0"},
				"down": {"uv": [6, 7, 11, 12], "texture": "#0"}
			}
		}
	],
	"display": {
		"thirdperson_righthand": {
			"rotation": [75, 45, 0],
			"translation": [0, 2.5, 0],
			"scale": [0.375, 0.375, 0.375]
		},
		"thirdperson_lefthand": {
			"rotation": [75, 45, 0],
			"translation": [0, 2.5, 0],
			"scale": [0.375, 0.375, 0.375]
		},
		"firstperson_righthand": {
			"rotation": [0, 45, 0],
			"translation": [0, 3.75, 0],
			"scale": [0.4, 0.4, 0.4]
		},
		"firstperson_lefthand": {
			"rotation": [0, 225, 0],
			"scale": [0.4, 0.4, 0.4]
		},
		"ground": {
			"translation": [0, 3, 0],
			"scale": [0.25, 0.25, 0.25]
		},
		"gui": {
			"rotation": [30, 225, 0],
			"scale": [0.625, 0.625, 0.625]
		},
		"head": {
			"translation": [0, 15.25, 0]
		},
		"fixed": {
			"rotation": [-90, 0, 0],
			"translation": [0, 0, -16],
			"scale": [2, 2, 2]
		}
	}
}