{
	"credit": "Made with Blockbench",
	"textures": {
		"1": "block/spruce_planks",
		"3": "block/stripped_spruce_log",
		"particle": "block/spruce_planks"
	},
	"elements": [
		{
			"from": [0, 5, 1],
			"to": [16, 8, 15],
			"faces": {
				"north": {"uv": [13, 0, 16, 16], "rotation": 90, "texture": "#3"},
				"east": {"uv": [13, 0, 16, 16], "rotation": 90, "texture": "#3"},
				"south": {"uv": [13, 0, 16, 16], "rotation": 90, "texture": "#3"},
				"west": {"uv": [13, 0, 16, 16], "rotation": 90, "texture": "#3"},
				"up": {"uv": [1, 0, 15, 16], "rotation": 90, "texture": "#3"},
				"down": {"uv": [0, 1, 16, 15], "texture": "#1"}
			}
		},
		{
			"from": [0, 14, 7],
			"to": [16, 21, 9],
			"rotation": {"angle": 22.5, "axis": "x", "origin": [0, 0, 0]},
			"faces": {
				"north": {"uv": [0, 0, 7, 16], "rotation": 270, "texture": "#3"},
				"east": {"uv": [0, 0, 2, 7], "texture": "#3"},
				"south": {"uv": [0, 0, 7, 16], "rotation": 270, "texture": "#3"},
				"west": {"uv": [0, 0, 2, 7], "rotation": 180, "texture": "#3"},
				"up": {"uv": [14, 0, 16, 16], "rotation": 90, "texture": "#3"},
				"down": {"uv": [0, 0, 2, 16], "rotation": 90, "texture": "#3"}
			}
		},
		{
			"from": [10.5, 5.17941, 12.70741],
			"to": [13.5, 12.17941, 15.20741],
			"rotation": {"angle": 0, "axis": "y", "origin": [-0.5, -9.82059, 5.20741]},
			"faces": {
				"north": {"uv": [0, 0, 3, 7], "texture": "#1"},
				"east": {"uv": [0, 0, 2.5, 7], "texture": "#1"},
				"south": {"uv": [0, 0, 3, 7], "texture": "#1"},
				"west": {"uv": [0, 0, 2.5, 7], "texture": "#1"},
				"up": {"uv": [0, 0, 3, 2.5], "texture": "#1"},
				"down": {"uv": [0, 0, 3, 2.5], "texture": "#1"}
			}
		},
		{
			"from": [2.5, 5.17941, 12.70741],
			"to": [5.5, 12.17941, 15.20741],
			"rotation": {"angle": 0, "axis": "y", "origin": [0.5, -9.82059, 5.20741]},
			"faces": {
				"north": {"uv": [0, 0, 3, 7], "texture": "#1"},
				"east": {"uv": [0, 0, 2.5, 7], "texture": "#1"},
				"south": {"uv": [0, 0, 3, 7], "texture": "#1"},
				"west": {"uv": [0, 0, 2.5, 7], "texture": "#1"},
				"up": {"uv": [0, 0, 3, 2.5], "texture": "#1"},
				"down": {"uv": [0, 0, 3, 2.5], "texture": "#1"}
			}
		}
	],
	"display": {
		"thirdperson_righthand": {
			"rotation": [75, 45, 0],
			"translation": [0, 2.5, 0],
			"scale": [0.375, 0.375, 0.375]
		},
		"thirdperson_lefthand": {
			"rotation": [75, 45, 0],
			"translation": [0, 2.5, 0],
			"scale": [0.375, 0.375, 0.375]
		},
		"firstperson_righthand": {
			"rotation": [0, 135, 0],
			"translation": [0, 3.75, 0],
			"scale": [0.4, 0.4, 0.4]
		},
		"firstperson_lefthand": {
			"rotation": [0, 135, 0],
			"translation": [0, 3.75, 0],
			"scale": [0.4, 0.4, 0.4]
		},
		"ground": {
			"translation": [0, 3, 0],
			"scale": [0.25, 0.25, 0.25]
		},
		"gui": {
			"rotation": [30, 225, 0],
			"scale": [0.625, 0.625, 0.625]
		},
		"head": {
			"translation": [0, 15.25, 0]
		},
		"fixed": {
			"rotation": [-90, 0, 0],
			"translation": [0, 0, -16],
			"scale": [2, 2, 2]
		}
	}
}