{
	"credit": "Made with Blockbench",
	"textures": {
		"3": "block/stripped_spruce_log_top",
		"4": "block/stripped_spruce_log",
		"7": "block/podzol_top",
		"8": "block/f033",
		"particle": "block/spruce_planks"
	},
	"elements": [
		{
			"from": [0, 2, 0],
			"to": [16, 16, 2],
			"faces": {
				"north": {"uv": [0, 0, 16, 14], "texture": "#4"},
				"east": {"uv": [14, 0, 16, 14], "texture": "#4"},
				"south": {"uv": [0, 0, 16, 14], "texture": "#4"},
				"west": {"uv": [0, 0, 2, 14], "texture": "#4"},
				"up": {"uv": [0, 14, 16, 16], "texture": "#4"},
				"down": {"uv": [0, 0, 16, 2], "texture": "#4"}
			}
		},
		{
			"from": [2, 2, 2],
			"to": [14, 15, 14],
			"faces": {
				"north": {"uv": [0, 0, 12, 13], "texture": "#missing"},
				"east": {"uv": [0, 0, 12, 13], "texture": "#missing"},
				"south": {"uv": [0, 0, 12, 13], "texture": "#missing"},
				"west": {"uv": [0, 0, 12, 13], "texture": "#missing"},
				"up": {"uv": [2, 2, 14, 14], "texture": "#7"},
				"down": {"uv": [2, 2, 14, 14], "texture": "#3"}
			}
		},
		{
			"from": [14, 2, 2],
			"to": [16, 16, 14],
			"faces": {
				"north": {"uv": [0, 0, 2, 14], "texture": "#4"},
				"east": {"uv": [2, 0, 14, 14], "texture": "#4"},
				"south": {"uv": [0, 0, 2, 14], "texture": "#4"},
				"west": {"uv": [0, 0, 12, 14], "texture": "#4"},
				"up": {"uv": [0, 2, 2, 14], "texture": "#4"},
				"down": {"uv": [0, 2, 2, 14], "texture": "#4"}
			}
		},
		{
			"from": [0, 2, 2],
			"to": [2, 16, 14],
			"rotation": {"angle": 0, "axis": "y", "origin": [-13, 0, 0]},
			"faces": {
				"north": {"uv": [0, 0, 2, 14], "texture": "#4"},
				"east": {"uv": [0, 0, 12, 14], "texture": "#4"},
				"south": {"uv": [0, 0, 2, 14], "texture": "#4"},
				"west": {"uv": [2, 0, 14, 14], "texture": "#4"},
				"up": {"uv": [14, 2, 16, 14], "texture": "#4"},
				"down": {"uv": [14, 2, 16, 14], "texture": "#4"}
			}
		},
		{
			"from": [0, 2, 14],
			"to": [16, 16, 16],
			"faces": {
				"north": {"uv": [0, 0, 16, 14], "texture": "#4"},
				"east": {"uv": [0, 0, 2, 14], "texture": "#4"},
				"south": {"uv": [0, 0, 16, 14], "texture": "#4"},
				"west": {"uv": [14, 0, 16, 14], "texture": "#4"},
				"up": {"uv": [0, 0, 16, 2], "texture": "#4"},
				"down": {"uv": [0, 14, 16, 16], "texture": "#4"}
			}
		},
		{
			"from": [12, 0, 12],
			"to": [16, 2, 16],
			"faces": {
				"north": {"uv": [0, 0, 4, 2], "texture": "#4"},
				"east": {"uv": [0, 14, 4, 16], "texture": "#4"},
				"south": {"uv": [12, 14, 16, 16], "texture": "#4"},
				"west": {"uv": [0, 0, 4, 2], "texture": "#4"},
				"up": {"uv": [0, 0, 4, 4], "texture": "#4"},
				"down": {"uv": [12, 0, 16, 4], "texture": "#4"}
			}
		},
		{
			"from": [0, 0, 0],
			"to": [4, 2, 4],
			"rotation": {"angle": 0, "axis": "y", "origin": [-12, 0, -12]},
			"faces": {
				"north": {"uv": [12, 14, 16, 16], "texture": "#4"},
				"east": {"uv": [0, 0, 4, 2], "texture": "#4"},
				"south": {"uv": [0, 0, 4, 2], "texture": "#4"},
				"west": {"uv": [0, 14, 4, 16], "texture": "#4"},
				"up": {"uv": [0, 0, 4, 4], "texture": "#4"},
				"down": {"uv": [0, 12, 4, 16], "texture": "#4"}
			}
		},
		{
			"from": [12, 0, 0],
			"to": [16, 2, 4],
			"rotation": {"angle": 0, "axis": "y", "origin": [0, 0, -12]},
			"faces": {
				"north": {"uv": [0, 14, 4, 16], "texture": "#4"},
				"east": {"uv": [12, 14, 16, 16], "texture": "#4"},
				"south": {"uv": [0, 0, 4, 2], "texture": "#4"},
				"west": {"uv": [0, 0, 4, 2], "texture": "#4"},
				"up": {"uv": [0, 0, 4, 4], "texture": "#4"},
				"down": {"uv": [12, 12, 16, 16], "texture": "#4"}
			}
		},
		{
			"from": [0, 0, 12],
			"to": [4, 2, 16],
			"rotation": {"angle": 0, "axis": "y", "origin": [-12, 0, 0]},
			"faces": {
				"north": {"uv": [0, 0, 4, 2], "texture": "#4"},
				"east": {"uv": [0, 0, 4, 2], "texture": "#4"},
				"south": {"uv": [0, 14, 4, 16], "texture": "#4"},
				"west": {"uv": [12, 14, 16, 16], "texture": "#4"},
				"up": {"uv": [0, 0, 4, 4], "texture": "#4"},
				"down": {"uv": [0, 0, 4, 4], "texture": "#4"}
			}
		},
		{
			"from": [-0.025, 4, -0.025],
			"to": [16.025, 9, 16.025],
			"rotation": {"angle": 0, "axis": "y", "origin": [0, -3, 0]},
			"faces": {
				"north": {"uv": [0, 12.5, 8, 15], "texture": "#8", "tintindex": 1},
				"east": {"uv": [0, 12.5, 8, 15], "texture": "#8", "tintindex": 1},
				"south": {"uv": [0, 12.5, 8, 15], "texture": "#8", "tintindex": 1},
				"west": {"uv": [0, 12.5, 8, 15], "texture": "#8", "tintindex": 1}
			}
		}
	],
	"display": {
		"thirdperson_righthand": {
			"rotation": [75, 45, 0],
			"translation": [0, 2.5, 0],
			"scale": [0.375, 0.375, 0.375]
		},
		"thirdperson_lefthand": {
			"rotation": [75, 45, 0],
			"translation": [0, 2.5, 0],
			"scale": [0.375, 0.375, 0.375]
		},
		"firstperson_righthand": {
			"rotation": [0, 135, 0],
			"translation": [0, 3.75, 0],
			"scale": [0.4, 0.4, 0.4]
		},
		"firstperson_lefthand": {
			"rotation": [0, 135, 0],
			"translation": [0, 3.75, 0],
			"scale": [0.4, 0.4, 0.4]
		},
		"ground": {
			"translation": [0, 3, 0],
			"scale": [0.25, 0.25, 0.25]
		},
		"gui": {
			"rotation": [30, 225, 0],
			"scale": [0.625, 0.625, 0.625]
		},
		"head": {
			"translation": [0, 15.25, 0]
		},
		"fixed": {
			"rotation": [-90, 0, 0],
			"translation": [0, 0, -16],
			"scale": [2, 2, 2]
		}
	}
}