{
	"credit": "Made with Blockbench",
	"textures": {
		"1": "block/birch_planks",
		"2": "block/white_wool",
		"3": "block/stripped_birch_log",
		"particle": "block/birch_planks"
	},
	"elements": [
		{
			"from": [1.25, 6, 1.25],
			"to": [16, 8, 14.75],
			"faces": {
				"north": {"uv": [13, 0, 15, 14.75], "rotation": 90, "texture": "#2", "tintindex": 1},
				"east": {"uv": [13, 0, 15, 13.5], "rotation": 90, "texture": "#2", "tintindex": 1},
				"south": {"uv": [13, 0, 15, 14.75], "rotation": 90, "texture": "#2", "tintindex": 1},
				"west": {"uv": [13, 0, 15, 13.5], "rotation": 90, "texture": "#2", "tintindex": 1},
				"up": {"uv": [1, 0, 14.5, 14.75], "rotation": 90, "texture": "#2", "tintindex": 1},
				"down": {"uv": [0, 1, 14.75, 14.5], "texture": "#2", "tintindex": 1}
			}
		},
		{
			"from": [1, 5, 1],
			"to": [16, 6, 15],
			"faces": {
				"north": {"uv": [13, 0, 14, 15], "rotation": 90, "texture": "#3"},
				"east": {"uv": [13, 0, 14, 14], "rotation": 90, "texture": "#3"},
				"south": {"uv": [13, 0, 14, 15], "rotation": 90, "texture": "#3"},
				"west": {"uv": [13, 0, 14, 14], "rotation": 90, "texture": "#3"},
				"up": {"uv": [1, 0, 15, 15], "rotation": 90, "texture": "#3"},
				"down": {"uv": [0, 1, 15, 15], "texture": "#1"}
			}
		},
		{
			"from": [-2, 12, 1],
			"to": [2, 13, 12],
			"rotation": {"angle": -22.5, "axis": "z", "origin": [-3, 6, 0]},
			"faces": {
				"north": {"uv": [13, 0, 14, 4], "rotation": 90, "texture": "#2", "tintindex": 1},
				"east": {"uv": [13, 0, 14, 11], "rotation": 90, "texture": "#2", "tintindex": 1},
				"south": {"uv": [13, 0, 14, 4], "rotation": 90, "texture": "#2", "tintindex": 1},
				"west": {"uv": [13, 0, 14, 11], "rotation": 90, "texture": "#2", "tintindex": 1},
				"up": {"uv": [1, 0, 12, 4], "rotation": 90, "texture": "#2", "tintindex": 1},
				"down": {"uv": [0, 1, 4, 12], "texture": "#2", "tintindex": 1}
			}
		},
		{
			"from": [-2, 11, 1],
			"to": [2, 12, 12],
			"rotation": {"angle": -22.5, "axis": "z", "origin": [-3, 6, 0]},
			"faces": {
				"north": {"uv": [13, 0, 14, 4], "rotation": 90, "texture": "#3"},
				"east": {"uv": [13, 0, 14, 11], "rotation": 90, "texture": "#3"},
				"south": {"uv": [13, 0, 14, 4], "rotation": 90, "texture": "#3"},
				"west": {"uv": [13, 0, 14, 11], "rotation": 90, "texture": "#3"},
				"up": {"uv": [1, 0, 12, 4], "rotation": 90, "texture": "#3"},
				"down": {"uv": [0, 1, 4, 12], "texture": "#1"}
			}
		},
		{
			"from": [1.25, 14.25, 7],
			"to": [16, 20.75, 8],
			"rotation": {"angle": 22.5, "axis": "x", "origin": [0, 0, 0]},
			"faces": {
				"north": {"uv": [0, 0, 6.5, 14.75], "rotation": 270, "texture": "#2", "tintindex": 1},
				"east": {"uv": [0, 0, 1, 6.5], "texture": "#2", "tintindex": 1},
				"south": {"uv": [0, 0, 6.5, 14.75], "rotation": 270, "texture": "#2", "tintindex": 1},
				"west": {"uv": [0, 0, 1, 6.5], "rotation": 180, "texture": "#2", "tintindex": 1},
				"up": {"uv": [14, 0, 15, 14.75], "rotation": 90, "texture": "#2", "tintindex": 1},
				"down": {"uv": [0, 0, 1, 14.75], "rotation": 90, "texture": "#2", "tintindex": 1}
			}
		},
		{
			"from": [1, 14, 8],
			"to": [16, 21, 9],
			"rotation": {"angle": 22.5, "axis": "x", "origin": [0, 0, 0]},
			"faces": {
				"north": {"uv": [0, 0, 7, 15], "rotation": 270, "texture": "#3"},
				"east": {"uv": [0, 0, 1, 7], "texture": "#3"},
				"south": {"uv": [0, 0, 7, 15], "rotation": 270, "texture": "#3"},
				"west": {"uv": [0, 0, 1, 7], "rotation": 180, "texture": "#3"},
				"up": {"uv": [14, 0, 15, 15], "rotation": 90, "texture": "#3"},
				"down": {"uv": [0, 0, 1, 15], "rotation": 90, "texture": "#3"}
			}
		},
		{
			"from": [10.5, 5.17941, 12.70741],
			"to": [13.5, 12.17941, 15.20741],
			"rotation": {"angle": 0, "axis": "y", "origin": [-0.5, -9.82059, 5.20741]},
			"faces": {
				"north": {"uv": [0, 0, 3, 7], "texture": "#1"},
				"east": {"uv": [0, 0, 2.5, 7], "texture": "#1"},
				"south": {"uv": [0, 0, 3, 7], "texture": "#1"},
				"west": {"uv": [0, 0, 2.5, 7], "texture": "#1"},
				"up": {"uv": [0, 0, 3, 2.5], "texture": "#1"},
				"down": {"uv": [0, 0, 3, 2.5], "texture": "#1"}
			}
		},
		{
			"from": [3.5, 5.17941, 12.70741],
			"to": [6.5, 12.17941, 15.20741],
			"rotation": {"angle": 0, "axis": "y", "origin": [-7.5, -9.82059, 5.20741]},
			"faces": {
				"north": {"uv": [0, 0, 3, 7], "texture": "#1"},
				"east": {"uv": [0, 0, 2.5, 7], "texture": "#1"},
				"south": {"uv": [0, 0, 3, 7], "texture": "#1"},
				"west": {"uv": [0, 0, 2.5, 7], "texture": "#1"},
				"up": {"uv": [0, 0, 3, 2.5], "texture": "#1"},
				"down": {"uv": [0, 0, 3, 2.5], "texture": "#1"}
			}
		},
		{
			"from": [2, 0.00441, 11.00741],
			"to": [5, 5.00441, 14.00741],
			"rotation": {"angle": 0, "axis": "y", "origin": [-9, -16.82059, 3.95741]},
			"faces": {
				"north": {"uv": [0, 0, 3, 5], "texture": "#1"},
				"east": {"uv": [0, 0, 3, 5], "texture": "#1"},
				"south": {"uv": [0, 0, 3, 5], "texture": "#1"},
				"west": {"uv": [0, 0, 3, 5], "texture": "#1"},
				"up": {"uv": [0, 0, 3, 3], "texture": "#1"},
				"down": {"uv": [0, 0, 3, 3], "texture": "#1"}
			}
		},
		{
			"from": [3, 2.00441, 5.00741],
			"to": [4, 4.00441, 11.00741],
			"rotation": {"angle": 0, "axis": "y", "origin": [-9, -14.82059, 3.95741]},
			"faces": {
				"north": {"uv": [0, 0, 1, 2], "texture": "#1"},
				"east": {"uv": [0, 0, 6, 2], "texture": "#1"},
				"south": {"uv": [0, 0, 1, 2], "texture": "#1"},
				"west": {"uv": [0, 0, 6, 2], "texture": "#1"},
				"up": {"uv": [0, 0, 1, 6], "texture": "#1"},
				"down": {"uv": [0, 0, 1, 6], "texture": "#1"}
			}
		},
		{
			"from": [2, 0.00441, 2.00741],
			"to": [5, 5.00441, 5.00741],
			"rotation": {"angle": 0, "axis": "y", "origin": [-9, -16.82059, -6.04259]},
			"faces": {
				"north": {"uv": [0, 0, 3, 5], "texture": "#1"},
				"east": {"uv": [0, 0, 3, 5], "texture": "#1"},
				"south": {"uv": [0, 0, 3, 5], "texture": "#1"},
				"west": {"uv": [0, 0, 3, 5], "texture": "#1"},
				"up": {"uv": [0, 0, 3, 3], "texture": "#1"},
				"down": {"uv": [0, 0, 3, 3], "texture": "#1"}
			}
		},
		{
			"from": [0.5, 6.00441, 9.00741],
			"to": [1.5, 10.00441, 11.00741],
			"rotation": {"angle": 0, "axis": "y", "origin": [-12, -10.82059, 1.95741]},
			"faces": {
				"north": {"uv": [0, 0, 1, 4], "texture": "#1"},
				"east": {"uv": [0, 0, 2, 4], "texture": "#1"},
				"south": {"uv": [0, 0, 1, 4], "texture": "#1"},
				"west": {"uv": [0, 0, 2, 4], "texture": "#1"},
				"up": {"uv": [0, 0, 1, 2], "texture": "#1"},
				"down": {"uv": [0, 0, 1, 2], "texture": "#1"}
			}
		},
		{
			"from": [0.5, 6.00441, 2.00741],
			"to": [1.5, 10.00441, 4.00741],
			"rotation": {"angle": 0, "axis": "y", "origin": [-12, -10.82059, -6.04259]},
			"faces": {
				"north": {"uv": [0, 0, 1, 4], "texture": "#1"},
				"east": {"uv": [0, 0, 2, 4], "texture": "#1"},
				"south": {"uv": [0, 0, 1, 4], "texture": "#1"},
				"west": {"uv": [0, 0, 2, 4], "texture": "#1"},
				"up": {"uv": [0, 0, 1, 2], "texture": "#1"},
				"down": {"uv": [0, 0, 1, 2], "texture": "#1"}
			}
		},
		{
			"from": [21.53311, -0.26005, 3.00741],
			"to": [26.53311, 2.73995, 4.00741],
			"rotation": {"angle": 45, "axis": "z", "origin": [10.53311, -19.08505, -6.04259]},
			"faces": {
				"north": {"uv": [0, 0, 5, 3], "texture": "#1"},
				"east": {"uv": [0, 0, 1, 3], "texture": "#1"},
				"south": {"uv": [0, 0, 5, 3], "texture": "#1"},
				"west": {"uv": [0, 0, 1, 3], "texture": "#1"},
				"up": {"uv": [0, 0, 5, 1], "texture": "#1"},
				"down": {"uv": [0, 0, 5, 1], "texture": "#1"}
			}
		},
		{
			"from": [21.53311, -0.26005, 12.00741],
			"to": [26.53311, 2.73995, 13.00741],
			"rotation": {"angle": 45, "axis": "z", "origin": [10.53311, -19.08505, 2.95741]},
			"faces": {
				"north": {"uv": [0, 0, 5, 3], "texture": "#1"},
				"east": {"uv": [0, 0, 1, 3], "texture": "#1"},
				"south": {"uv": [0, 0, 5, 3], "texture": "#1"},
				"west": {"uv": [0, 0, 1, 3], "texture": "#1"},
				"up": {"uv": [0, 0, 5, 1], "texture": "#1"},
				"down": {"uv": [0, 0, 5, 1], "texture": "#1"}
			}
		}
	],
	"display": {
		"thirdperson_righthand": {
			"rotation": [75, 45, 0],
			"translation": [0, 2.5, 0],
			"scale": [0.375, 0.375, 0.375]
		},
		"thirdperson_lefthand": {
			"rotation": [75, 45, 0],
			"translation": [0, 2.5, 0],
			"scale": [0.375, 0.375, 0.375]
		},
		"firstperson_righthand": {
			"rotation": [0, 135, 0],
			"translation": [0, 3.75, 0],
			"scale": [0.4, 0.4, 0.4]
		},
		"firstperson_lefthand": {
			"rotation": [0, 135, 0],
			"translation": [0, 3.75, 0],
			"scale": [0.4, 0.4, 0.4]
		},
		"ground": {
			"translation": [0, 3, 0],
			"scale": [0.25, 0.25, 0.25]
		},
		"gui": {
			"rotation": [30, 225, 0],
			"scale": [0.625, 0.625, 0.625]
		},
		"head": {
			"translation": [0, 15.25, 0]
		},
		"fixed": {
			"rotation": [-90, 0, 0],
			"translation": [0, 0, -16],
			"scale": [2, 2, 2]
		}
	}
}