{
	"credit": "Made with Blockbench",
	"textures": {
		"0": "block/birch_log",
		"1": "block/birch_log_top",
		"2": "block/stripped_birch_log",
		"4": "block/white_wool",
		"particle": "block/birch_log"
	},
	"elements": [
		{
			"from": [4.975, 9, 4.975],
			"to": [11.025, 14, 11.025],
			"rotation": {"angle": 0, "axis": "y", "origin": [5, 12, 5]},
			"faces": {
				"north": {"uv": [0, 0, 6.05, 5], "texture": "#4", "tintindex": 1},
				"east": {"uv": [0, 0, 6.05, 5], "texture": "#4", "tintindex": 1},
				"south": {"uv": [0, 0, 6.05, 5], "texture": "#4", "tintindex": 1},
				"west": {"uv": [0, 0, 6.05, 5], "texture": "#4", "tintindex": 1}
			}
		},
		{
			"from": [14.99264, 16.10051, 5.25],
			"to": [18.99264, 20.10051, 10.75],
			"rotation": {"angle": 45, "axis": "z", "origin": [15.24264, 6.10051, 7]},
			"faces": {
				"north": {"uv": [5, 5, 9, 9], "texture": "#1"},
				"east": {"uv": [5.5, 5, 10.5, 9], "texture": "#1"},
				"south": {"uv": [7, 5, 11, 9], "texture": "#1"},
				"west": {"uv": [0, 0, 5.5, 4], "texture": "#missing"},
				"up": {"uv": [7, 5.5, 11, 10.5], "texture": "#1"},
				"down": {"uv": [0, 0, 4, 5.5], "texture": "#missing"}
			}
		},
		{
			"from": [5, 0, 5],
			"to": [11, 16, 11],
			"rotation": {"angle": 0, "axis": "y", "origin": [7, 0, 7]},
			"faces": {
				"north": {"uv": [0, 0, 6, 16], "texture": "#0"},
				"east": {"uv": [0, 0, 6, 16], "texture": "#0"},
				"south": {"uv": [0, 0, 6, 16], "texture": "#0"},
				"west": {"uv": [0, 0, 6, 16], "texture": "#0"},
				"up": {"uv": [5, 5, 11, 11], "texture": "#1"},
				"down": {"uv": [5, 5, 11, 11], "texture": "#1"}
			}
		},
		{
			"from": [14.99264, 16.10051, 5.25],
			"to": [18.99264, 20.10051, 10.75],
			"rotation": {"angle": 45, "axis": "z", "origin": [15.24264, 6.10051, 7]},
			"faces": {
				"north": {"uv": [5, 5, 9, 9], "texture": "#1"},
				"east": {"uv": [5.5, 5, 10.5, 9], "texture": "#1"},
				"south": {"uv": [7, 5, 11, 9], "texture": "#1"},
				"west": {"uv": [0, 0, 5.5, 4], "texture": "#missing"},
				"up": {"uv": [7, 5.5, 11, 10.5], "texture": "#1"},
				"down": {"uv": [0, 0, 4, 5.5], "texture": "#missing"}
			}
		},
		{
			"from": [4.975, 9, 4.975],
			"to": [11.025, 14, 11.025],
			"rotation": {"angle": 0, "axis": "y", "origin": [5, 12, 5]},
			"faces": {
				"north": {"uv": [0, 0, 6.05, 5], "texture": "#4", "tintindex": 1},
				"east": {"uv": [0, 0, 6.05, 5], "texture": "#4", "tintindex": 1},
				"south": {"uv": [0, 0, 6.05, 5], "texture": "#4", "tintindex": 1},
				"west": {"uv": [0, 0, 6.05, 5], "texture": "#4", "tintindex": 1}
			}
		},
		{
			"from": [5, 0, 13],
			"to": [11, 16, 16],
			"rotation": {"angle": 0, "axis": "y", "origin": [7, 0, 15]},
			"faces": {
				"north": {"uv": [0, 0, 6, 16], "texture": "#0"},
				"east": {"uv": [0, 0, 3, 16], "texture": "#0"},
				"south": {"uv": [0, 0, 6, 16], "texture": "#2"},
				"west": {"uv": [0, 0, 3, 16], "texture": "#0"},
				"up": {"uv": [5, 5, 11, 8], "texture": "#1"},
				"down": {"uv": [5, 5, 11, 8], "texture": "#1"}
			}
		},
		{
			"from": [7, 2, 3],
			"to": [9, 9, 5],
			"rotation": {"angle": 0, "axis": "y", "origin": [9, 0, 5]},
			"faces": {
				"north": {"uv": [0, 0, 2, 7], "texture": "#missing"},
				"east": {"uv": [0, 0, 2, 7], "texture": "#2"},
				"south": {"uv": [0, 0, 2, 7], "texture": "#missing"},
				"west": {"uv": [0, 0, 2, 7], "texture": "#2"},
				"up": {"uv": [0, 0, 2, 2], "rotation": 180, "texture": "#2"},
				"down": {"uv": [0, 0, 2, 2], "rotation": 180, "texture": "#2"}
			}
		},
		{
			"from": [-2.99264, 16.10051, -0.025],
			"to": [1.00736, 20.10051, 2.75],
			"rotation": {"angle": -45, "axis": "z", "origin": [0.75736, 6.10051, 1]},
			"faces": {
				"north": {"uv": [7, 5, 11, 9], "texture": "#1"},
				"east": {"uv": [0, 0, 2.725, 4], "texture": "#1"},
				"south": {"uv": [5, 5, 9, 9], "texture": "#1"},
				"west": {"uv": [8, 5, 10.5, 9], "texture": "#1"},
				"up": {"uv": [7, 5.5, 11, 8], "rotation": 180, "texture": "#1"},
				"down": {"uv": [0, 0, 4, 2.725], "rotation": 180, "texture": "#1"}
			}
		},
		{
			"from": [4.975, 9, -0.05],
			"to": [11.025, 14, 3.025],
			"rotation": {"angle": 0, "axis": "y", "origin": [11, 12, 3]},
			"faces": {
				"north": {"uv": [0, 0, 6.05, 5], "texture": "#4", "tintindex": 1},
				"east": {"uv": [0, 0, 3.05, 5], "texture": "#4", "tintindex": 1},
				"south": {"uv": [0, 0, 6.05, 5], "texture": "#4", "tintindex": 1},
				"west": {"uv": [0, 0, 3.05, 5], "texture": "#4", "tintindex": 1}
			}
		},
		{
			"from": [5, 0, 0],
			"to": [11, 16, 3],
			"rotation": {"angle": 0, "axis": "y", "origin": [9, 0, 1]},
			"faces": {
				"north": {"uv": [0, 0, 6, 16], "texture": "#2"},
				"east": {"uv": [0, 0, 3, 16], "texture": "#0"},
				"south": {"uv": [0, 0, 6, 16], "texture": "#0"},
				"west": {"uv": [0, 0, 3, 16], "texture": "#0"},
				"up": {"uv": [5, 5, 11, 8], "rotation": 180, "texture": "#1"},
				"down": {"uv": [5, 5, 11, 8], "rotation": 180, "texture": "#1"}
			}
		},
		{
			"from": [14.99264, 16.10051, 13.25],
			"to": [18.99264, 20.10051, 16.025],
			"rotation": {"angle": 45, "axis": "z", "origin": [15.24264, 6.10051, 15]},
			"faces": {
				"north": {"uv": [5, 5, 9, 9], "texture": "#1"},
				"east": {"uv": [8, 5, 10.5, 9], "texture": "#1"},
				"south": {"uv": [7, 5, 11, 9], "texture": "#1"},
				"west": {"uv": [0, 0, 2.725, 4], "texture": "#1"},
				"up": {"uv": [7, 5.5, 11, 8], "texture": "#1"},
				"down": {"uv": [0, 0, 4, 2.725], "texture": "#1"}
			}
		},
		{
			"from": [4.975, 9, 12.975],
			"to": [11.025, 14, 16.05],
			"rotation": {"angle": 0, "axis": "y", "origin": [5, 12, 13]},
			"faces": {
				"north": {"uv": [0, 0, 6.05, 5], "texture": "#4", "tintindex": 1},
				"east": {"uv": [0, 0, 3.05, 5], "texture": "#4", "tintindex": 1},
				"south": {"uv": [0, 0, 6.05, 5], "texture": "#4", "tintindex": 1},
				"west": {"uv": [0, 0, 3.05, 5], "texture": "#4", "tintindex": 1}
			}
		},
		{
			"from": [7, 2, 11],
			"to": [9, 9, 13],
			"rotation": {"angle": 0, "axis": "y", "origin": [7, 0, 11]},
			"faces": {
				"north": {"uv": [0, 0, 2, 7], "texture": "#missing"},
				"east": {"uv": [0, 0, 2, 7], "texture": "#2"},
				"south": {"uv": [0, 0, 2, 7], "texture": "#missing"},
				"west": {"uv": [0, 0, 2, 7], "texture": "#2"},
				"up": {"uv": [0, 0, 2, 2], "texture": "#2"},
				"down": {"uv": [0, 0, 2, 2], "texture": "#2"}
			}
		}
	],
	"display": {
		"thirdperson_righthand": {
			"rotation": [75, 45, 0],
			"translation": [0, 2.5, 0],
			"scale": [0.375, 0.375, 0.375]
		},
		"thirdperson_lefthand": {
			"rotation": [75, 45, 0],
			"translation": [0, 2.5, 0],
			"scale": [0.375, 0.375, 0.375]
		},
		"firstperson_righthand": {
			"rotation": [0, 45, 0],
			"translation": [0, 3.75, 0],
			"scale": [0.4, 0.4, 0.4]
		},
		"firstperson_lefthand": {
			"rotation": [0, 225, 0],
			"scale": [0.4, 0.4, 0.4]
		},
		"ground": {
			"translation": [0, 3, 0],
			"scale": [0.25, 0.25, 0.25]
		},
		"gui": {
			"rotation": [30, 225, 0],
			"scale": [0.625, 0.625, 0.625]
		},
		"head": {
			"translation": [0, 15.25, 0]
		},
		"fixed": {
			"rotation": [-90, 0, 0],
			"translation": [0, 0, -16],
			"scale": [2, 2, 2]
		}
	}
}