{
	"credit": "Made with Blockbench",
	"textures": {
		"2": "block/polished_andesite",
		"4": "block/stripped_jungle_log",
		"particle": "block/jungle_log"
	},
	"elements": [
		{
			"from": [5, 4.99147, -0.29705],
			"to": [11, 10.99147, 16.30295],
			"rotation": {"angle": 45, "axis": "x", "origin": [8, 7.98037, 8.01566]},
			"faces": {
				"north": {"uv": [5, 5, 11, 11], "rotation": 180, "texture": "#4"},
				"east": {"uv": [0, 0, 6, 16], "rotation": 90, "texture": "#4"},
				"south": {"uv": [5, 5, 11, 11], "texture": "#4"},
				"west": {"uv": [0, 0, 6, 16], "rotation": 270, "texture": "#4"},
				"up": {"uv": [0, 0, 6, 16], "texture": "#4"},
				"down": {"uv": [0, 0, 6, 16], "rotation": 180, "texture": "#4"}
			}
		},
		{
			"from": [5, 10.97733, 4.97229],
			"to": [11, 16.25233, 10.97229],
			"rotation": {"angle": 45, "axis": "x", "origin": [8, 7.98037, 8.01566]},
			"faces": {
				"north": {"uv": [0, 8, 6, 13], "rotation": 180, "texture": "#4"},
				"east": {"uv": [0, 8, 6, 13], "rotation": 180, "texture": "#4"},
				"south": {"uv": [0, 8, 6, 13], "rotation": 180, "texture": "#4"},
				"west": {"uv": [0, 8, 6, 13], "rotation": 180, "texture": "#4"},
				"up": {"uv": [5, 5, 11, 11], "texture": "#4"},
				"down": {"uv": [5, 5, 11, 11], "texture": "#4"}
			}
		},
		{
			"from": [5, -0.31658, 4.97836],
			"to": [11, 4.98342, 10.97836],
			"rotation": {"angle": 45, "axis": "x", "origin": [8, 7.98037, 8.01566]},
			"faces": {
				"north": {"uv": [0, 8, 6, 13], "rotation": 180, "texture": "#4"},
				"east": {"uv": [0, 8, 6, 13], "rotation": 180, "texture": "#4"},
				"south": {"uv": [0, 8, 6, 13], "rotation": 180, "texture": "#4"},
				"west": {"uv": [0, 8, 6, 13], "rotation": 180, "texture": "#4"},
				"up": {"uv": [5, 5, 11, 11], "texture": "#4"},
				"down": {"uv": [5, 5, 11, 11], "texture": "#4"}
			}
		},
		{
			"from": [4.5, 11.5, 0],
			"to": [11.5, 16, 4.5],
			"faces": {
				"north": {"uv": [3, 12, 10, 16], "texture": "#2"},
				"east": {"uv": [0, 12, 4, 16], "texture": "#2"},
				"south": {"uv": [9, 12, 16, 16], "rotation": 180, "texture": "#2"},
				"west": {"uv": [12, 12, 16, 16], "texture": "#2"},
				"up": {"uv": [4, 12, 11, 16], "texture": "#2"},
				"down": {"uv": [9, 12, 16, 16], "texture": "#2"}
			}
		},
		{
			"from": [4.5, 0, 0],
			"to": [11.5, 4.5, 4.5],
			"faces": {
				"north": {"uv": [3, 12, 10, 16], "texture": "#2"},
				"east": {"uv": [0, 0, 4, 4], "texture": "#2"},
				"south": {"uv": [9, 12, 16, 16], "rotation": 180, "texture": "#2"},
				"west": {"uv": [12, 0, 16, 4], "texture": "#2"},
				"up": {"uv": [4, 12, 11, 16], "texture": "#2"},
				"down": {"uv": [9, 12, 16, 16], "texture": "#2"}
			}
		},
		{
			"from": [4.5, 11.5, 11.5],
			"to": [11.5, 16, 16],
			"faces": {
				"north": {"uv": [3, 12, 10, 16], "texture": "#2"},
				"east": {"uv": [12, 12, 16, 16], "texture": "#2"},
				"south": {"uv": [9, 12, 16, 16], "rotation": 180, "texture": "#2"},
				"west": {"uv": [0, 12, 4, 16], "texture": "#2"},
				"up": {"uv": [4, 12, 11, 16], "texture": "#2"},
				"down": {"uv": [9, 12, 16, 16], "texture": "#2"}
			}
		},
		{
			"from": [4.5, 0, 11.5],
			"to": [11.5, 4.5, 16],
			"faces": {
				"north": {"uv": [3, 12, 10, 16], "texture": "#2"},
				"east": {"uv": [12, 0, 16, 4], "texture": "#2"},
				"south": {"uv": [9, 12, 16, 16], "rotation": 180, "texture": "#2"},
				"west": {"uv": [0, 0, 4, 4], "texture": "#2"},
				"up": {"uv": [4, 12, 11, 16], "texture": "#2"},
				"down": {"uv": [9, 12, 16, 16], "texture": "#2"}
			}
		}
	],
	"display": {
		"thirdperson_righthand": {
			"rotation": [75, 45, 0],
			"translation": [0, 2.5, 0],
			"scale": [0.375, 0.375, 0.375]
		},
		"thirdperson_lefthand": {
			"rotation": [75, 45, 0],
			"translation": [0, 2.5, 0],
			"scale": [0.375, 0.375, 0.375]
		},
		"firstperson_righthand": {
			"rotation": [0, 45, 0],
			"translation": [0, 3.75, 0],
			"scale": [0.4, 0.4, 0.4]
		},
		"firstperson_lefthand": {
			"rotation": [0, 225, 0],
			"scale": [0.4, 0.4, 0.4]
		},
		"ground": {
			"translation": [0, 3, 0],
			"scale": [0.25, 0.25, 0.25]
		},
		"gui": {
			"rotation": [30, 225, 0],
			"scale": [0.625, 0.625, 0.625]
		},
		"head": {
			"translation": [0, 15.25, 0]
		},
		"fixed": {
			"rotation": [-90, 0, 0],
			"translation": [0, 0, -16],
			"scale": [2, 2, 2]
		}
	}
}