{
	"credit": "Made with Blockbench",
	"textures": {
		"1": "block/white_wool",
		"2": "block/stripped_jungle_log",
		"6": "block/jungle_planks",
		"particle": "block/stripped_jungle_log"
	},
	"elements": [
		{
			"from": [11.49375, 5.36715, 0.36898],
			"to": [15.49375, 5.36715, 15.36898],
			"rotation": {"angle": -22.5, "axis": "x", "origin": [7.49375, 4.175, 8]},
			"faces": {
				"north": {"uv": [0, 0, 2, 0], "texture": "#1", "tintindex": 1},
				"east": {"uv": [0, 0, 7.5, 0], "texture": "#1", "tintindex": 1},
				"south": {"uv": [0, 0, 2, 0], "texture": "#1", "tintindex": 1},
				"west": {"uv": [0, 0, 7.5, 0], "texture": "#1", "tintindex": 1},
				"up": {"uv": [0, 0, 15, 4], "rotation": 270, "texture": "#1", "tintindex": 1},
				"down": {"uv": [0, 0, 15, 4], "rotation": 270, "texture": "#1", "tintindex": 1}
			}
		},
		{
			"from": [3.49375, -1.65, 0.50625],
			"to": [7.49375, 2.35, 0.50625],
			"rotation": {"angle": 0, "axis": "y", "origin": [7.49375, 4.175, 8]},
			"faces": {
				"north": {"uv": [8, 0, 12, 4], "texture": "#1", "tintindex": 1},
				"east": {"uv": [0, 0, 0, 2], "texture": "#1", "tintindex": 1},
				"south": {"uv": [0, 0, 4, 4], "texture": "#1", "tintindex": 1},
				"west": {"uv": [0, 0, 0, 2], "texture": "#1", "tintindex": 1},
				"up": {"uv": [0, 0, 0, 2], "rotation": 90, "texture": "#1", "tintindex": 1},
				"down": {"uv": [0, 0, 0, 2], "rotation": 270, "texture": "#1", "tintindex": 1}
			}
		},
		{
			"from": [3.49375, 5.36715, 0.36898],
			"to": [7.49375, 5.36715, 15.36898],
			"rotation": {"angle": -22.5, "axis": "x", "origin": [7.49375, 4.175, 8]},
			"faces": {
				"north": {"uv": [0, 0, 2, 0], "texture": "#1", "tintindex": 1},
				"east": {"uv": [0, 0, 7.5, 0], "texture": "#1", "tintindex": 1},
				"south": {"uv": [0, 0, 2, 0], "texture": "#1", "tintindex": 1},
				"west": {"uv": [0, 0, 7.5, 0], "texture": "#1", "tintindex": 1},
				"up": {"uv": [0, 9, 15, 13], "rotation": 90, "texture": "#1", "tintindex": 1},
				"down": {"uv": [0, 0, 15, 4], "rotation": 270, "texture": "#1", "tintindex": 1}
			}
		},
		{
			"from": [7.49375, -0.65, 0.50625],
			"to": [11.49375, 2.35, 0.50625],
			"rotation": {"angle": 0, "axis": "y", "origin": [7.49375, 4.175, 8]},
			"faces": {
				"north": {"uv": [4, 0, 8, 3], "texture": "#1"},
				"east": {"uv": [0, 0, 0, 1.5], "texture": "#1"},
				"south": {"uv": [0, 0, 4, 3], "texture": "#1"},
				"west": {"uv": [0, 0, 0, 1.5], "texture": "#1"},
				"up": {"uv": [0, 0, 0, 2], "rotation": 90, "texture": "#1"},
				"down": {"uv": [0, 0, 0, 2], "rotation": 270, "texture": "#1"}
			}
		},
		{
			"from": [7.49375, 5.36715, 0.36898],
			"to": [11.49375, 5.36715, 15.36898],
			"rotation": {"angle": -22.5, "axis": "x", "origin": [7.49375, 4.175, 8]},
			"faces": {
				"north": {"uv": [0, 0, 2, 0], "texture": "#1"},
				"east": {"uv": [0, 0, 7.5, 0], "texture": "#1"},
				"south": {"uv": [0, 0, 2, 0], "texture": "#1"},
				"west": {"uv": [0, 0, 7.5, 0], "texture": "#1"},
				"up": {"uv": [0, 4, 15, 8], "rotation": 90, "texture": "#1"},
				"down": {"uv": [0, 0, 15, 4], "rotation": 270, "texture": "#1"}
			}
		},
		{
			"from": [-0.50625, -0.65, 0.50625],
			"to": [3.49375, 2.35, 0.50625],
			"rotation": {"angle": 0, "axis": "y", "origin": [7.49375, 4.175, 8]},
			"faces": {
				"north": {"uv": [12, 0, 16, 3], "texture": "#1"},
				"east": {"uv": [0, 0, 0, 1.5], "texture": "#1"},
				"south": {"uv": [0, 0, 4, 3], "texture": "#1"},
				"west": {"uv": [0, 0, 0, 1.5], "texture": "#1"},
				"up": {"uv": [0, 0, 0, 2], "rotation": 90, "texture": "#1"},
				"down": {"uv": [0, 0, 0, 2], "rotation": 270, "texture": "#1"}
			}
		},
		{
			"from": [-0.50625, 5.36715, 0.36898],
			"to": [3.49375, 5.36715, 15.36898],
			"rotation": {"angle": -22.5, "axis": "x", "origin": [7.49375, 4.175, 8]},
			"faces": {
				"north": {"uv": [0, 0, 2, 0], "texture": "#1"},
				"east": {"uv": [0, 0, 7.5, 0], "texture": "#1"},
				"south": {"uv": [0, 0, 2, 0], "texture": "#1"},
				"west": {"uv": [0, 0, 7.5, 0], "texture": "#1"},
				"up": {"uv": [0, 12, 15, 16], "rotation": 90, "texture": "#1"},
				"down": {"uv": [0, 0, 15, 4], "rotation": 270, "texture": "#1"}
			}
		},
		{
			"from": [1.99375, 4.34405, 0.35942],
			"to": [4.99375, 5.34405, 16.70942],
			"rotation": {"angle": -22.5, "axis": "x", "origin": [7.49375, 4.175, 8]},
			"faces": {
				"north": {"uv": [0, 0, 1.5, 0.5], "texture": "#2"},
				"east": {"uv": [0, 0, 16, 1], "texture": "#2"},
				"south": {"uv": [0, 0, 1.5, 0.5], "texture": "#2"},
				"west": {"uv": [0, 0, 16, 1], "texture": "#2"},
				"down": {"uv": [0, 0, 16, 3], "rotation": 270, "texture": "#2"}
			}
		},
		{
			"from": [2.49375, 0, 13.50625],
			"to": [4.49375, 10, 16.50625],
			"rotation": {"angle": 0, "axis": "z", "origin": [7.49375, 4.175, 8]},
			"faces": {
				"north": {"uv": [0, 0, 10, 2], "rotation": 270, "texture": "#2"},
				"east": {"uv": [0, 0, 10, 3], "rotation": 90, "texture": "#2"},
				"south": {"uv": [0, 0, 10, 2], "rotation": 270, "texture": "#2"},
				"west": {"uv": [0, 0, 10, 3], "rotation": 270, "texture": "#2"},
				"up": {"uv": [0, 0, 2, 3], "texture": "#2"},
				"down": {"uv": [0, 0, 2, 3], "rotation": 180, "texture": "#2"}
			}
		},
		{
			"from": [2.99375, 4.80658, 9.11706],
			"to": [3.99375, 6.80658, 14.11706],
			"rotation": {"angle": 22.5, "axis": "x", "origin": [7.49375, 4.175, 8]},
			"faces": {
				"north": {"uv": [0, 0, 0.5, 1], "rotation": 180, "texture": "#6"},
				"east": {"uv": [0, 0, 5, 2], "rotation": 180, "texture": "#6"},
				"south": {"uv": [0, 0, 0.5, 1], "rotation": 180, "texture": "#6"},
				"west": {"uv": [0, 0, 5, 2], "rotation": 180, "texture": "#6"},
				"up": {"uv": [0, 0, 5, 1], "rotation": 270, "texture": "#6"},
				"down": {"uv": [0, 0, 5, 1], "rotation": 90, "texture": "#6"}
			}
		},
		{
			"from": [10.99375, 4.80658, 9.11706],
			"to": [11.99375, 6.80658, 14.11706],
			"rotation": {"angle": 22.5, "axis": "x", "origin": [7.49375, 4.175, 8]},
			"faces": {
				"north": {"uv": [0, 0, 0.5, 1], "rotation": 180, "texture": "#6"},
				"east": {"uv": [0, 0, 5, 2], "rotation": 180, "texture": "#6"},
				"south": {"uv": [0, 0, 0.5, 1], "rotation": 180, "texture": "#6"},
				"west": {"uv": [0, 0, 5, 2], "rotation": 180, "texture": "#6"},
				"up": {"uv": [0, 0, 5, 1], "rotation": 270, "texture": "#6"},
				"down": {"uv": [0, 0, 5, 1], "rotation": 90, "texture": "#6"}
			}
		},
		{
			"from": [-0.50625, 7, 14.50625],
			"to": [15.49375, 9, 16.48125],
			"rotation": {"angle": 0, "axis": "y", "origin": [7.49375, 4.175, 8]},
			"faces": {
				"north": {"uv": [0, 0, 2, 16], "rotation": 90, "texture": "#6"},
				"east": {"uv": [0, 0, 1, 0.9875], "rotation": 90, "texture": "#6"},
				"south": {"uv": [0, 0, 2, 16], "rotation": 270, "texture": "#6"},
				"west": {"uv": [0, 0, 1, 0.9875], "rotation": 270, "texture": "#6"},
				"up": {"uv": [0, 0, 2, 16], "rotation": 270, "texture": "#6"},
				"down": {"uv": [0, 0, 2, 16], "rotation": 270, "texture": "#6"}
			}
		},
		{
			"from": [10.49375, 0, 13.50625],
			"to": [12.49375, 10, 16.50625],
			"rotation": {"angle": 0, "axis": "y", "origin": [7.49375, 4.175, 8]},
			"faces": {
				"north": {"uv": [0, 0, 10, 2], "rotation": 270, "texture": "#2"},
				"east": {"uv": [0, 0, 10, 3], "rotation": 90, "texture": "#2"},
				"south": {"uv": [0, 0, 10, 2], "rotation": 270, "texture": "#2"},
				"west": {"uv": [0, 0, 10, 3], "rotation": 270, "texture": "#2"},
				"up": {"uv": [0, 0, 2, 3], "texture": "#2"},
				"down": {"uv": [0, 0, 2, 3], "rotation": 180, "texture": "#2"}
			}
		},
		{
			"from": [9.99375, 4.34405, 0.35942],
			"to": [12.99375, 5.34405, 16.70942],
			"rotation": {"angle": -22.5, "axis": "x", "origin": [7.49375, 4.175, 8]},
			"faces": {
				"north": {"uv": [0, 0, 1.5, 0.5], "texture": "#2"},
				"east": {"uv": [0, 0, 16, 1], "texture": "#2"},
				"south": {"uv": [0, 0, 1.5, 0.5], "texture": "#2"},
				"west": {"uv": [0, 0, 16, 1], "texture": "#2"},
				"down": {"uv": [0, 0, 16, 3], "rotation": 270, "texture": "#2"}
			}
		},
		{
			"from": [-0.50625, 4.84405, 1.35942],
			"to": [15.49375, 5.34405, 3.35942],
			"rotation": {"angle": -22.5, "axis": "x", "origin": [7.49375, 4.175, 8]},
			"faces": {
				"north": {"uv": [0, 0, 1, 16], "rotation": 90, "texture": "#6"},
				"east": {"uv": [0, 0, 2, 1], "texture": "#6"},
				"south": {"uv": [0, 0, 16, 1], "texture": "#6"},
				"west": {"uv": [0, 0, 1, 0.25], "texture": "#6"},
				"down": {"uv": [0, 0, 2, 16], "rotation": 270, "texture": "#6"}
			}
		},
		{
			"from": [-0.50625, 3.34405, 8.35942],
			"to": [15.49375, 5.34405, 10.70942],
			"rotation": {"angle": -22.5, "axis": "x", "origin": [7.49375, 4.175, 8]},
			"faces": {
				"north": {"uv": [0, 0, 2, 16], "rotation": 90, "texture": "#6"},
				"east": {"uv": [0, 0, 2, 2], "texture": "#6"},
				"south": {"uv": [0, 0, 2, 16], "rotation": 270, "texture": "#6"},
				"west": {"uv": [0, 0, 2, 2], "texture": "#6"},
				"down": {"uv": [0, 0, 2.5, 16], "rotation": 270, "texture": "#6"}
			}
		},
		{
			"from": [11.49375, -1.65, 0.50625],
			"to": [15.49375, 2.35, 0.50625],
			"rotation": {"angle": 0, "axis": "y", "origin": [7.49375, 4.175, 8]},
			"faces": {
				"north": {"uv": [0, 0, 4, 4], "texture": "#1", "tintindex": 1},
				"east": {"uv": [0, 0, 0, 2], "texture": "#1", "tintindex": 1},
				"south": {"uv": [0, 0, 4, 4], "texture": "#1", "tintindex": 1},
				"west": {"uv": [0, 0, 0, 2], "texture": "#1", "tintindex": 1},
				"up": {"uv": [0, 0, 0, 2], "rotation": 90, "texture": "#1", "tintindex": 1},
				"down": {"uv": [0, 0, 0, 2], "rotation": 270, "texture": "#1", "tintindex": 1}
			}
		}
	],
	"display": {
		"thirdperson_righthand": {
			"rotation": [75, 45, 0],
			"translation": [0, 2.5, 0],
			"scale": [0.375, 0.375, 0.375]
		},
		"thirdperson_lefthand": {
			"rotation": [75, 45, 0],
			"translation": [0, 2.5, 0],
			"scale": [0.375, 0.375, 0.375]
		},
		"firstperson_righthand": {
			"rotation": [0, 45, 0],
			"translation": [0, 3.75, 0],
			"scale": [0.4, 0.4, 0.4]
		},
		"firstperson_lefthand": {
			"rotation": [0, 225, 0],
			"scale": [0.4, 0.4, 0.4]
		},
		"ground": {
			"translation": [0, 3, 0],
			"scale": [0.25, 0.25, 0.25]
		},
		"gui": {
			"rotation": [30, 225, 0],
			"scale": [0.625, 0.625, 0.625]
		},
		"head": {
			"translation": [0, 15.25, 0]
		},
		"fixed": {
			"rotation": [-90, 0, 0],
			"translation": [0, 0, -16],
			"scale": [2, 2, 2]
		}
	}
}