{
	"credit": "Made with Blockbench",
	"textures": {
		"1": "block/stripped_acacia_log_top",
		"2": "block/stripped_acacia_log",
		"3": "block/f008",
		"4": "block/acacia_planks",
		"particle": "block/acacia_planks"
	},
	"elements": [
		{
			"from": [0.025, 12, 0.025],
			"to": [15.975, 16, 16],
			"faces": {
				"north": {"uv": [0, 0, 16, 4], "texture": "#2"},
				"east": {"uv": [0, 0, 16, 4], "texture": "#2"},
				"south": {"uv": [0, 0, 16, 4], "texture": "#2"},
				"west": {"uv": [0, 0, 16, 4], "texture": "#2"},
				"up": {"uv": [0, 0, 16, 16], "texture": "#1"},
				"down": {"uv": [0, 0, 16, 16], "texture": "#1"}
			}
		},
		{
			"from": [1, 10, 1],
			"to": [15, 12, 15],
			"faces": {
				"north": {"uv": [0, 0, 14, 2], "texture": "#4"},
				"east": {"uv": [0, 0, 14, 2], "texture": "#4"},
				"south": {"uv": [0, 0, 14, 2], "texture": "#4"},
				"west": {"uv": [0, 0, 14, 2], "texture": "#4"},
				"up": {"uv": [0, 0, 14, 14], "texture": "#4"},
				"down": {"uv": [0, 0, 16, 16], "texture": "#4"}
			}
		},
		{
			"from": [0, 3, 0],
			"to": [16, 16.025, 16.025],
			"faces": {
				"north": {"uv": [0, 4, 4, 7.25], "texture": "#3", "tintindex": 1},
				"east": {"uv": [0, 4, 4, 7.25], "texture": "#3", "cullface": "east", "tintindex": 1},
				"south": {"uv": [0, 4, 4, 7.25], "texture": "#3", "cullface": "east", "tintindex": 1},
				"west": {"uv": [0, 4, 4, 7.25], "texture": "#3", "cullface": "east", "tintindex": 1},
				"up": {"uv": [4, 4, 0, 0], "texture": "#3", "cullface": "east", "tintindex": 1}
			}
		},
		{
			"from": [2.525, 1.02944, -2.84315],
			"to": [5.475, 3.02944, 6.15685],
			"rotation": {"angle": 45, "axis": "x", "origin": [2.5, -6.97056, 13.15685]},
			"faces": {
				"north": {"uv": [2.95, 0, 0, 2], "texture": "#4"},
				"east": {"uv": [0, 9, 2, 0], "rotation": 270, "texture": "#4"},
				"south": {"uv": [2.95, 0, 0, 2], "texture": "#4"},
				"west": {"uv": [0, 9, 2, 0], "rotation": 90, "texture": "#4"},
				"up": {"uv": [0, 9, 2.95, 0], "rotation": 180, "texture": "#4"},
				"down": {"uv": [0, 9, 2.95, 0], "texture": "#4"}
			}
		},
		{
			"from": [2.5, 3.00444, 13.00685],
			"to": [5.5, 12.00444, 16.00685],
			"rotation": {"angle": 0, "axis": "x", "origin": [2.5, -6.97056, 13.65685]},
			"faces": {
				"north": {"uv": [3, 0, 0, 9], "texture": "#4"},
				"east": {"uv": [3, 0, 0, 9], "texture": "#4"},
				"south": {"uv": [3, 0, 0, 9], "texture": "#4"},
				"west": {"uv": [3, 0, 0, 9], "texture": "#4"},
				"up": {"uv": [0, 3, 3, 0], "texture": "#4"},
				"down": {"uv": [0, 3, 3, 0], "rotation": 180, "texture": "#4"}
			}
		},
		{
			"from": [10.5, 3.00444, 13.00685],
			"to": [13.5, 12.00444, 16.00685],
			"rotation": {"angle": 0, "axis": "y", "origin": [-0.5, -6.97056, 13.65685]},
			"faces": {
				"north": {"uv": [3, 0, 0, 9], "texture": "#4"},
				"east": {"uv": [3, 0, 0, 9], "texture": "#4"},
				"south": {"uv": [3, 0, 0, 9], "texture": "#4"},
				"west": {"uv": [3, 0, 0, 9], "texture": "#4"},
				"up": {"uv": [0, 3, 3, 0], "texture": "#4"},
				"down": {"uv": [0, 3, 3, 0], "rotation": 180, "texture": "#4"}
			}
		},
		{
			"from": [0, 5.00444, 13.50685],
			"to": [16, 7.00444, 15.50685],
			"rotation": {"angle": 0, "axis": "y", "origin": [-0.5, -6.97056, 13.15685]},
			"faces": {
				"north": {"uv": [16, 0, 0, 2], "texture": "#4"},
				"east": {"uv": [0, 2, 2, 0], "rotation": 90, "texture": "#4"},
				"south": {"uv": [16, 0, 0, 2], "rotation": 180, "texture": "#4"},
				"west": {"uv": [0, 2, 2, 0], "rotation": 270, "texture": "#4"},
				"up": {"uv": [0, 2, 16, 0], "texture": "#4"},
				"down": {"uv": [0, 2, 16, 0], "rotation": 180, "texture": "#4"}
			}
		},
		{
			"from": [10.525, 1.02944, -2.84315],
			"to": [13.475, 3.02944, 6.15685],
			"rotation": {"angle": 45, "axis": "x", "origin": [-0.5, -6.97056, 13.15685]},
			"faces": {
				"north": {"uv": [2.95, 0, 0, 2], "texture": "#4"},
				"east": {"uv": [0, 9, 2, 0], "rotation": 270, "texture": "#4"},
				"south": {"uv": [2.95, 0, 0, 2], "texture": "#4"},
				"west": {"uv": [0, 9, 2, 0], "rotation": 90, "texture": "#4"},
				"up": {"uv": [0, 9, 2.95, 0], "rotation": 180, "texture": "#4"},
				"down": {"uv": [0, 9, 2.95, 0], "texture": "#4"}
			}
		}
	],
	"display": {
		"thirdperson_righthand": {
			"rotation": [75, 45, 0],
			"translation": [0, 2.5, 0],
			"scale": [0.375, 0.375, 0.375]
		},
		"thirdperson_lefthand": {
			"rotation": [75, 45, 0],
			"translation": [0, 2.5, 0],
			"scale": [0.375, 0.375, 0.375]
		},
		"firstperson_righthand": {
			"rotation": [0, 135, 0],
			"translation": [0, 3.75, 0],
			"scale": [0.4, 0.4, 0.4]
		},
		"firstperson_lefthand": {
			"rotation": [0, 135, 0],
			"translation": [0, 3.75, 0],
			"scale": [0.4, 0.4, 0.4]
		},
		"ground": {
			"translation": [0, 3, 0],
			"scale": [0.25, 0.25, 0.25]
		},
		"gui": {
			"rotation": [30, 225, 0],
			"scale": [0.625, 0.625, 0.625]
		},
		"head": {
			"translation": [0, 15.25, 0]
		},
		"fixed": {
			"rotation": [-90, 0, 0],
			"translation": [0, 0, -16],
			"scale": [2, 2, 2]
		}
	}
}