{
	"credit": "Made with Blockbench",
	"texture_size": [64, 64],
	"textures": {
		"0": "block/acacia_log",
		"1": "block/acacia_log_top",
		"3": "block/f033",
		"particle": "block/acacia_log"
	},
	"elements": [
		{
			"from": [-0.5, -0.5, 3],
			"to": [16.5, 16.5, 13],
			"faces": {
				"north": {"uv": [0, 0, 8.5, 8.5], "texture": "#3", "tintindex": 1},
				"east": {"uv": [0, 8.5, 8.5, 13.5], "rotation": 270, "texture": "#3", "tintindex": 1},
				"south": {"uv": [0, 0, 8.5, 8.5], "texture": "#3", "tintindex": 1},
				"west": {"uv": [0, 8.5, 8.5, 13.5], "rotation": 90, "texture": "#3", "tintindex": 1},
				"up": {"uv": [8.5, 13.5, 0, 8.5], "texture": "#3", "tintindex": 1},
				"down": {"uv": [8.5, 8.5, 0, 13.5], "texture": "#3", "tintindex": 1}
			}
		},
		{
			"from": [0, -0.00067, -0.00967],
			"to": [16, 15.99933, 16.04033],
			"rotation": {"angle": 0, "axis": "x", "origin": [8.00625, 8.00453, 8.00283]},
			"faces": {
				"north": {"uv": [0, 0, 16, 16], "rotation": 180, "texture": "#1"},
				"east": {"uv": [0, 0, 16, 16], "rotation": 90, "texture": "#0"},
				"south": {"uv": [0, 0, 16, 16], "texture": "#1"},
				"west": {"uv": [0, 0, 16, 16], "rotation": 270, "texture": "#0"},
				"up": {"uv": [0, 0, 16, 16], "texture": "#0"},
				"down": {"uv": [0, 0, 16, 16], "rotation": 180, "texture": "#0"}
			}
		}
	],
	"display": {
		"thirdperson_righthand": {
			"rotation": [75, 45, 0],
			"translation": [0, 2.5, 0],
			"scale": [0.375, 0.375, 0.375]
		},
		"thirdperson_lefthand": {
			"rotation": [75, 45, 0],
			"translation": [0, 2.5, 0],
			"scale": [0.375, 0.375, 0.375]
		},
		"firstperson_righthand": {
			"rotation": [0, 45, 0],
			"translation": [0, 3.75, 0],
			"scale": [0.4, 0.4, 0.4]
		},
		"firstperson_lefthand": {
			"rotation": [0, 225, 0],
			"scale": [0.4, 0.4, 0.4]
		},
		"ground": {
			"translation": [0, 3, 0],
			"scale": [0.25, 0.25, 0.25]
		},
		"gui": {
			"rotation": [30, 225, 0],
			"scale": [0.625, 0.625, 0.625]
		},
		"head": {
			"translation": [0, 15.25, 0]
		},
		"fixed": {
			"rotation": [-90, 0, 0],
			"translation": [0, 0, -16],
			"scale": [2, 2, 2]
		}
	}
}