{
	"credit": "Made with Blockbench",
	"textures": {
		"0": "block/dark_oak_planks",
		"1": "block/stripped_dark_oak_log_top",
		"2": "block/stripped_dark_oak_log",
		"3": "block/f008",
		"particle": "block/dark_oak_planks"
	},
	"elements": [
		{
			"from": [0.025, 12, 0.025],
			"to": [15.975, 16, 16],
			"faces": {
				"north": {"uv": [0, 0, 16, 4], "texture": "#2"},
				"east": {"uv": [0, 0, 16, 4], "texture": "#2"},
				"south": {"uv": [0, 0, 16, 4], "texture": "#2"},
				"west": {"uv": [0, 0, 16, 4], "texture": "#2"},
				"up": {"uv": [0, 0, 16, 16], "texture": "#1"},
				"down": {"uv": [0, 0, 16, 16], "texture": "#1"}
			}
		},
		{
			"from": [1, 10, 1],
			"to": [15, 12, 15],
			"faces": {
				"north": {"uv": [0, 0, 14, 2], "texture": "#0"},
				"east": {"uv": [0, 0, 14, 2], "texture": "#0"},
				"south": {"uv": [0, 0, 14, 2], "texture": "#0"},
				"west": {"uv": [0, 0, 14, 2], "texture": "#0"},
				"up": {"uv": [0, 0, 14, 14], "texture": "#0"},
				"down": {"uv": [0, 0, 16, 16], "texture": "#0"}
			}
		},
		{
			"from": [5, 0, 5],
			"to": [11, 1, 11],
			"faces": {
				"north": {"uv": [5, 0, 11, 1], "texture": "#2"},
				"east": {"uv": [5, 0, 11, 1], "texture": "#2"},
				"south": {"uv": [5, 0, 11, 1], "texture": "#2"},
				"west": {"uv": [5, 0, 11, 1], "texture": "#2"},
				"up": {"uv": [5, 5, 11, 11], "texture": "#1"},
				"down": {"uv": [5, 5, 11, 11], "texture": "#1"}
			}
		},
		{
			"from": [6, 1, 6],
			"to": [10, 10, 10],
			"faces": {
				"north": {"uv": [0, 0, 4, 9], "texture": "#2"},
				"east": {"uv": [0, 0, 4, 9], "texture": "#2"},
				"south": {"uv": [0, 0, 4, 9], "texture": "#2"},
				"west": {"uv": [0, 0, 4, 9], "texture": "#2"},
				"up": {"uv": [0, 0, 14, 14], "texture": "#2"},
				"down": {"uv": [0, 0, 16, 16], "texture": "#2"}
			}
		},
		{
			"from": [0, 3, 0],
			"to": [16, 16.025, 16.025],
			"faces": {
				"north": {"uv": [0, 4, 4, 7.25], "texture": "#3", "tintindex": 1},
				"east": {"uv": [0, 4, 4, 7.25], "texture": "#3", "cullface": "east", "tintindex": 1},
				"south": {"uv": [0, 4, 4, 7.25], "texture": "#3", "cullface": "east", "tintindex": 1},
				"west": {"uv": [0, 4, 4, 7.25], "texture": "#3", "cullface": "east", "tintindex": 1},
				"up": {"uv": [4, 4, 0, 0], "texture": "#3", "cullface": "east", "tintindex": 1}
			}
		}
	],
	"display": {
		"thirdperson_righthand": {
			"rotation": [75, 45, 0],
			"translation": [0, 2.5, 0],
			"scale": [0.375, 0.375, 0.375]
		},
		"thirdperson_lefthand": {
			"rotation": [75, 45, 0],
			"translation": [0, 2.5, 0],
			"scale": [0.375, 0.375, 0.375]
		},
		"firstperson_righthand": {
			"rotation": [0, 135, 0],
			"translation": [0, 3.75, 0],
			"scale": [0.4, 0.4, 0.4]
		},
		"firstperson_lefthand": {
			"rotation": [0, 135, 0],
			"translation": [0, 3.75, 0],
			"scale": [0.4, 0.4, 0.4]
		},
		"ground": {
			"translation": [0, 3, 0],
			"scale": [0.25, 0.25, 0.25]
		},
		"gui": {
			"rotation": [30, 225, 0],
			"scale": [0.625, 0.625, 0.625]
		},
		"head": {
			"translation": [0, 15.25, 0]
		},
		"fixed": {
			"rotation": [-90, 0, 0],
			"translation": [0, 0, -16],
			"scale": [2, 2, 2]
		}
	}
}